225.2520294189453,-364.109375,0.2819424271583557,-0.2953185439109802,0.0,0.0
222.63400268554688,-367.6285705566406,0.2819424271583557,-0.2953185439109802,0.0,0.0
223.025146484375,-385.14300537109375,0.2819424271583557,-179.57008361816406,0.0,0.0
220.45140075683594,-388.6622314453125,0.2819424271583557,-179.57008361816406,0.0,0.0
223.07766723632812,-392.1427917480469,0.2819424271583557,-179.57008361816406,0.0,0.0
220.50392150878906,-395.6619873046875,0.2819424271583557,-179.57008361816406,0.0,0.0
262.9135437011719,-384.8436279296875,0.2819424271583557,-179.57008361816406,0.0,0.0
260.33978271484375,-388.36285400390625,0.2819424271583557,-179.57008361816406,0.0,0.0
262.9660339355469,-391.8434143066406,0.2819424271583557,-179.57008361816406,0.0,0.0
260.3923034667969,-395.36260986328125,0.2819424271583557,-179.57008361816406,0.0,0.0
181.2168731689453,-367.9564514160156,0.2819424271583557,0.4299219846725464,0.0,0.0
185.94297790527344,-371.4153137207031,0.2819424271583557,0.4299219846725464,0.0,0.0
181.26939392089844,-374.95623779296875,0.2819424271583557,0.4299219846725464,0.0,0.0
225.21595764160156,-371.1092834472656,0.2819424271583557,-0.2953185439109802,0.0,0.0
222.597900390625,-374.6285095214844,0.2819424271583557,-0.2953185439109802,0.0,0.0
385.6819763183594,-187.66671752929688,0.2819424271583557,90.59857940673828,0.0,0.0
389.15771484375,-185.3302459716797,0.2819424271583557,90.59857940673828,0.0,0.0
392.68157958984375,-187.59361267089844,0.2819424271583557,90.59857940673828,0.0,0.0
386.0985107421875,-228.16067504882812,0.2819424271583557,90.59857940673828,0.0,0.0
389.5632629394531,-224.72430419921875,0.2819424271583557,90.59857940673828,0.0,0.0
393.0981140136719,-228.0875701904297,0.2819424271583557,90.59857940673828,0.0,0.0
382.5636291503906,-224.79722595214844,0.2819424271583557,90.59270477294922,0.0,0.0
381.3318786621094,-115.40447235107422,0.2819424271583557,90.43304443359375,0.0,0.0
384.7312316894531,-102.08518981933594,0.2819424271583557,90.43909454345703,0.0,0.0
388.2069091796875,-98.9583740234375,0.2819424271583557,90.43909454345703,0.0,0.0
391.73101806640625,-102.03153991699219,0.2819424271583557,90.43909454345703,0.0,0.0
381.48175048828125,-134.7979736328125,0.2819424271583557,90.43304443359375,0.0,0.0
384.96380615234375,-132.47137451171875,0.2819424271583557,90.43909454345703,0.0,0.0
388.48150634765625,-134.74452209472656,0.2819424271583557,90.43909454345703,0.0,0.0
391.9635925292969,-132.417724609375,0.2819424271583557,90.43909454345703,0.0,0.0
384.63922119140625,-90.0726089477539,0.2819424271583557,90.43909454345703,0.0,0.0
388.1148681640625,-86.94578552246094,0.2819424271583557,90.43909454345703,0.0,0.0
391.63897705078125,-90.01895904541016,0.2819424271583557,90.43909454345703,0.0,0.0
401.83453369140625,-50.27750778198242,0.2819424271583557,-89.5609130859375,0.0,0.0
405.32037353515625,-48.45077896118164,0.2819424271583557,-89.5609130859375,0.0,0.0
408.83428955078125,-50.2238655090332,0.2819424271583557,-89.5609130859375,0.0,0.0
412.3201599121094,-48.39712905883789,0.2819424271583557,-89.5609130859375,0.0,0.0
401.6971435546875,-32.35908126831055,0.2819424271583557,-89.5609130859375,0.0,0.0
405.2165832519531,-34.83220291137695,0.2819424271583557,-89.5609130859375,0.0,0.0
408.6968994140625,-32.30543899536133,0.2819424271583557,-89.5609130859375,0.0,0.0
412.21636962890625,-34.7785530090332,0.2819424271583557,-89.5609130859375,0.0,0.0
402.7845153808594,-149.54217529296875,0.2819424271583557,-89.40142059326172,0.0,0.0
406.2581481933594,-147.00579833984375,0.2819424271583557,-89.40142059326172,0.0,0.0
409.78411865234375,-149.46905517578125,0.2819424271583557,-89.40142059326172,0.0,0.0
413.2578125,-146.93267822265625,0.2819424271583557,-89.40142059326172,0.0,0.0
402.52545166015625,-124.7379379272461,0.2819424271583557,-89.40142059326172,0.0,0.0
406.0031433105469,-122.60157012939453,0.2819424271583557,-89.40142059326172,0.0,0.0
409.5250549316406,-124.66481018066406,0.2819424271583557,-89.40142059326172,0.0,0.0
413.0028076171875,-122.5284423828125,0.2819424271583557,-89.40142059326172,0.0,0.0
402.2416076660156,-97.5579833984375,0.2819424271583557,-89.40142059326172,0.0,0.0
405.71929931640625,-95.42161560058594,0.2819424271583557,-89.40142059326172,0.0,0.0
409.2412109375,-97.48486328125,0.2819424271583557,-89.40142059326172,0.0,0.0
412.71893310546875,-95.34849548339844,0.2819424271583557,-89.40142059326172,0.0,0.0
83.72017669677734,16.922794342041016,11.402957916259766,-179.76736450195312,0.20326641201972961,0.0
86.73367309570312,13.435014724731445,11.192305564880371,-179.76736450195312,0.20326641201972961,0.0
83.74858856201172,9.922868728637695,11.402957916259766,-179.76736450195312,0.20326641201972961,0.0
86.7620849609375,6.435072422027588,11.192305564880371,-179.76736450195312,0.20326641201972961,0.0
-85.33257293701172,16.332626342773438,9.934486389160156,-179.92318725585938,-1.1565558910369873,5.212082154759656e-11
-81.9185562133789,12.83720588684082,10.00311279296875,-179.92318725585938,-1.1565558910369873,5.212082154759656e-11
-85.31317901611328,9.332647323608398,9.934486389160156,-179.92318725585938,-1.1565558910369873,5.212082154759656e-11
-81.9091567993164,5.837208271026611,10.00311279296875,-179.92318725585938,-1.1565558910369873,5.212082154759656e-11
384.87420654296875,-120.77178192138672,0.2819424271583557,90.43909454345703,0.0,0.0
388.3562927246094,-118.44500732421875,0.2819424271583557,90.43909454345703,0.0,0.0
391.87396240234375,-120.71813201904297,0.2819424271583557,90.43909454345703,0.0,0.0
385.8992004394531,-208.86181640625,0.2819424271583557,90.59857940673828,0.0,0.0
389.3639831542969,-205.42544555664062,0.2819424271583557,90.59857940673828,0.0,0.0
392.8988342285156,-208.78871154785156,0.2819424271583557,90.59857940673828,0.0,0.0
382.36431884765625,-205.49835205078125,0.2819424271583557,90.59270477294922,0.0,0.0
181.99508666992188,-385.45172119140625,0.2819424271583557,-179.49859619140625,0.0,0.0
179.72572326660156,-388.9686584472656,0.2819424271583557,-179.49859619140625,0.0,0.0
182.0563201904297,-392.45147705078125,0.2819424271583557,-179.49859619140625,0.0,0.0
179.78697204589844,-395.9683837890625,0.2819424271583557,-179.49859619140625,0.0,0.0
11.31026554107666,-160.08792114257812,0.2819424271583557,-90.224853515625,0.0,0.0
7.8216705322265625,-157.17417907714844,0.2819424271583557,-90.224853515625,0.0,0.0
4.3103156089782715,-160.06044006347656,0.2819424271583557,-90.224853515625,0.0,0.0
-6.299371719360352,-187.98855590820312,0.2819424271583557,89.7751235961914,0.0,0.0
-9.789925575256348,-185.57481384277344,0.2819424271583557,89.7751235961914,0.0,0.0
-13.299323081970215,-187.96107482910156,0.2819424271583557,89.7751235961914,0.0,0.0
-16.789888381958008,-185.54733276367188,0.2819424271583557,89.7751235961914,0.0,0.0
-6.395920276641846,-212.58840942382812,0.2819424271583557,89.7751235961914,0.0,0.0
-9.890790939331055,-211.27468872070312,0.2819424271583557,89.7751235961914,0.0,0.0
-13.395880699157715,-212.56092834472656,0.2819424271583557,89.7751235961914,0.0,0.0
-16.890745162963867,-211.24720764160156,0.2819424271583557,89.7751235961914,0.0,0.0
11.413861274719238,-133.68807983398438,0.2819424271583557,-90.224853515625,0.0,0.0
7.925278663635254,-130.77432250976562,0.2819424271583557,-90.224853515625,0.0,0.0
4.413923740386963,-133.6605987548828,0.2819424271583557,-90.224853515625,0.0,0.0
11.508438110351562,-109.58821868896484,0.2819424271583557,-90.224853515625,0.0,0.0
8.01986026763916,-106.67446899414062,0.2819424271583557,-90.224853515625,0.0,0.0
4.508504867553711,-109.56073760986328,0.2819424271583557,-90.224853515625,0.0,0.0
-16.395719528198242,-85.11880493164062,0.2819424271583557,89.77516174316406,0.0,0.0
-12.905157089233398,-87.53253936767578,0.2819424271583557,89.77516174316406,0.0,0.0
-9.395763397216797,-85.14627838134766,0.2819424271583557,89.77516174316406,0.0,0.0
-5.905210018157959,-87.56002044677734,0.2819424271583557,89.77516174316406,0.0,0.0
-16.520898818969727,-117.01853942871094,0.2819424271583557,89.77516174316406,0.0,0.0
-13.030336380004883,-119.4322738647461,0.2819424271583557,89.77516174316406,0.0,0.0
-9.520939826965332,-117.04601287841797,0.2819424271583557,89.77516174316406,0.0,0.0
-6.030386447906494,-119.45975494384766,0.2819424271583557,89.77516174316406,0.0,0.0
-16.62567138671875,-143.7183380126953,0.2819424271583557,89.77516174316406,0.0,0.0
-13.13510799407959,-146.13206481933594,0.2819424271583557,89.77516174316406,0.0,0.0
-9.625712394714355,-143.7458038330078,0.2819424271583557,89.77516174316406,0.0,0.0
-6.135158538818359,-146.1595458984375,0.2819424271583557,89.77516174316406,0.0,0.0
4.66923189163208,-68.60678100585938,0.2819424271583557,-90.224853515625,0.0,0.0
8.180586814880371,-65.72052001953125,0.2819424271583557,-90.224853515625,0.0,0.0
11.669189453125,-68.6342544555664,0.2819424271583557,-90.224853515625,0.0,0.0
4.767344951629639,-43.60698318481445,0.2819424271583557,-90.224853515625,0.0,0.0
8.278700828552246,-40.720726013183594,0.2819424271583557,-90.224853515625,0.0,0.0
11.767298698425293,-43.63445281982422,0.2819424271583557,-90.224853515625,0.0,0.0
5.412111282348633,98.47002410888672,0.2819424271583557,-90.28911590576172,0.0,0.0
8.901467323303223,96.35236358642578,0.2819424271583557,-90.28911590576172,0.0,0.0
12.412009239196777,98.43470764160156,0.2819424271583557,-90.28911590576172,0.0,0.0
15.901373863220215,96.3170394897461,0.2819424271583557,-90.28911590576172,0.0,0.0
5.575601100921631,130.86962890625,0.2819424271583557,-90.28911590576172,0.0,0.0
9.065461158752441,128.85195922851562,0.2819424271583557,-90.28911590576172,0.0,0.0
12.575493812561035,130.8343048095703,0.2819424271583557,-90.28911590576172,0.0,0.0
16.065366744995117,128.81663513183594,0.2819424271583557,-90.28911590576172,0.0,0.0
5.685600280761719,152.66929626464844,0.2819424271583557,-90.28911590576172,0.0,0.0
9.194640159606934,154.4516143798828,0.2819424271583557,-90.28911590576172,0.0,0.0
12.685505867004395,152.6339569091797,0.2819424271583557,-90.28911590576172,0.0,0.0
16.194538116455078,154.4163055419922,0.2819424271583557,-90.28911590576172,0.0,0.0
5.847073078155518,184.66891479492188,0.2819424271583557,-90.28911590576172,0.0,0.0
9.35611343383789,186.4512481689453,0.2819424271583557,-90.28911590576172,0.0,0.0
12.84697151184082,184.6335906982422,0.2819424271583557,-90.28911590576172,0.0,0.0
16.356002807617188,186.4159393310547,0.2819424271583557,-90.28911590576172,0.0,0.0
5.9883623123168945,212.66859436035156,0.2819424271583557,-90.28911590576172,0.0,0.0
9.49740219116211,214.45091247558594,0.2819424271583557,-90.28911590576172,0.0,0.0
12.988255500793457,212.6332550048828,0.2819424271583557,-90.28911590576172,0.0,0.0
16.49728775024414,214.4156036376953,0.2819424271583557,-90.28911590576172,0.0,0.0
-15.572093963623047,101.64974212646484,0.2819424271583557,89.71089935302734,0.0,0.0
-12.063568115234375,103.33208465576172,0.2819424271583557,89.71089935302734,0.0,0.0
-8.572182655334473,101.61441040039062,0.2819424271583557,89.71089935302734,0.0,0.0
-5.063650608062744,103.2967529296875,0.2819424271583557,89.71089935302734,0.0,0.0
-15.837495803833008,49.0504150390625,0.2819424271583557,89.71089935302734,0.0,0.0
-12.328968048095703,50.73275375366211,0.2819424271583557,89.71089935302734,0.0,0.0
-8.83758544921875,49.01508331298828,0.2819424271583557,89.71089935302734,0.0,0.0
-5.329049110412598,50.69742202758789,0.2819424271583557,89.71089935302734,0.0,0.0
-15.687644004821777,78.75006866455078,0.2819424271583557,89.71089935302734,0.0,0.0
-12.19878101348877,76.53242492675781,0.2819424271583557,89.71089935302734,0.0,0.0
-8.687726974487305,78.71473693847656,0.2819424271583557,89.71089935302734,0.0,0.0
-5.198873996734619,76.4970932006836,0.2819424271583557,89.71089935302734,0.0,0.0
-493.3493957519531,196.75245666503906,0.2819424271583557,-89.6424789428711,0.0,0.0
-489.8594665527344,198.37429809570312,0.2819424271583557,-89.6424789428711,0.0,0.0
-486.34954833984375,196.79612731933594,0.2819424271583557,-89.6424789428711,0.0,0.0
-482.8595886230469,198.41799926757812,0.2819424271583557,-89.6424789428711,0.0,0.0
-493.5285949707031,225.45188903808594,0.2819424271583557,-89.6424789428711,0.0,0.0
-490.0386657714844,227.07373046875,0.2819424271583557,-89.6424789428711,0.0,0.0
-486.52874755859375,225.4955596923828,0.2819424271583557,-89.6424789428711,0.0,0.0
-483.0387878417969,227.117431640625,0.2819424271583557,-89.6424789428711,0.0,0.0
37.24943161010742,-170.4445037841797,0.5999999642372131,0.3261249363422394,0.0,0.0
37.80152130126953,-173.9415740966797,0.5999999642372131,-179.6738739013672,0.0,0.0
105.29106140136719,-170.0607452392578,0.5999999642372131,0.3331909775733948,0.0,0.0
83.19147491455078,-170.18919372558594,0.5999999642372131,0.3331909775733948,0.0,0.0
104.93702697753906,-173.55929565429688,0.5999999642372131,-179.6738739013672,0.0,0.0
84.0373306274414,-173.67823791503906,0.5999999642372131,-179.6738739013672,0.0,0.0
149.7364044189453,-173.30435180664062,0.5999999642372131,-179.6738739013672,0.0,0.0
227.07386779785156,-172.86415100097656,0.5563235282897949,-179.6738739013672,0.0,0.0
284.78204345703125,-169.03575134277344,0.5391082763671875,0.3261249363422394,0.0,0.0
284.54742431640625,-172.53697204589844,0.5391082763671875,-179.6738739013672,0.0,0.0
314.8801574707031,-213.08753967285156,0.2819424271583557,-89.48907470703125,0.0,0.0
311.3484191894531,-209.54737854003906,0.2819424271583557,90.51093292236328,0.0,0.0
203.29649353027344,-222.18765258789062,0.7819424271583557,-88.68557739257812,0.0,0.0
202.76409912109375,-198.99392700195312,0.7819424271583557,-88.68557739257812,0.0,0.0
201.2014617919922,-283.4679260253906,0.48194244503974915,91.3144302368164,0.0,0.0
199.5253143310547,-210.3976287841797,0.7819424271583557,91.3144302368164,0.0,0.0
199.03665161132812,-189.1032257080078,0.7819424271583557,91.3144302368164,0.0,0.0
285.9111022949219,-121.87586975097656,0.5819424390792847,-179.0779266357422,0.0,0.0
285.9806823730469,-118.37364196777344,0.5819424390792847,0.9272140264511108,0.0,0.0
314.2876892089844,-146.64300537109375,0.2819424271583557,-89.48907470703125,0.0,0.0
310.7891845703125,-146.82818603515625,0.2819424271583557,90.51093292236328,0.0,0.0
233.21055603027344,-307.6545104980469,0.38194242119789124,0.5897830128669739,0.0,0.0
226.9568328857422,-311.21929931640625,0.38194242119789124,-179.4102020263672,0.0,0.0
255.26788330078125,-280.2061767578125,0.5819424390792847,90.17677307128906,0.0,0.0
229.87217712402344,-246.03456115722656,0.2819424271583557,-0.394500732421875,0.0,0.0
-493.2300720214844,177.6527557373047,0.2819424271583557,-89.6424789428711,0.0,0.0
-489.7401428222656,179.2745819091797,0.2819424271583557,-89.6424789428711,0.0,0.0
-486.230224609375,177.69642639160156,0.2819424271583557,-89.6424789428711,0.0,0.0
-482.7402648925781,179.3182830810547,0.2819424271583557,-89.6424789428711,0.0,0.0
332.51141357421875,-117.62440490722656,0.48194244503974915,0.9240431189537048,0.0,0.0
348.0001525878906,-142.8535614013672,0.2819424271583557,90.77143096923828,0.0,0.0
351.4998474121094,-142.80618286132812,0.2819424271583557,-89.22854614257812,0.0,0.0
330.3683776855469,-121.15939331054688,0.48194244503974915,-179.0759735107422,0.0,0.0
248.58294677734375,-385.22991943359375,0.2819424271583557,179.70465087890625,0.0,0.0
245.9648895263672,-388.7491455078125,0.2819424271583557,179.70465087890625,0.0,0.0
248.54684448242188,-392.2298278808594,0.2819424271583557,179.70465087890625,0.0,0.0
245.92881774902344,-395.7490539550781,0.2819424271583557,179.70465087890625,0.0,0.0
160.49594116210938,-385.6398010253906,0.2819424271583557,-179.49859619140625,0.0,0.0
158.4265899658203,-389.1578369140625,0.48194244503974915,-179.49859619140625,0.0,0.0
160.55718994140625,-392.6395568847656,0.2819424271583557,-179.49859619140625,0.0,0.0
158.48785400390625,-396.1575622558594,0.48194244503974915,-179.49859619140625,0.0,0.0
248.691162109375,-364.2301940917969,0.2819424271583557,-0.2953185439109802,0.0,0.0
246.07313537597656,-367.7494201660156,0.2819424271583557,-0.2953185439109802,0.0,0.0
248.65509033203125,-371.2301025390625,0.2819424271583557,-0.2953185439109802,0.0,0.0
246.03704833984375,-374.74932861328125,0.2819424271583557,-0.2953185439109802,0.0,0.0
-494.25,240.90774536132812,0.2819424271583557,-90.13372039794922,0.0,0.0
-490.7600402832031,242.4995880126953,0.2819424271583557,-90.13372039794922,0.0,0.0
-487.2500305175781,240.89141845703125,0.2819424271583557,-90.13372039794922,0.0,0.0
-483.7600402832031,242.4832305908203,0.2819424271583557,-90.13372039794922,0.0,0.0
163.8108367919922,-364.6101989746094,0.2819424271583557,0.500910222530365,0.0,0.0
160.34152221679688,-368.1404724121094,0.2819424271583557,0.500910222530365,0.0,0.0
165.0719451904297,-371.5992736816406,0.2819424271583557,0.500910222530365,0.0,0.0
160.40272521972656,-375.1402282714844,0.2819424271583557,0.500910222530365,0.0,0.0
6.560737133026123,312.0257873535156,0.2819424271583557,-45.1947135925293,0.0,0.0
10.030569076538086,313.4988708496094,0.2819424271583557,-45.1947135925293,0.0,0.0
-45.63199234008789,340.2911376953125,0.2819424271583557,128.05410766601562,0.0,0.0
-49.31259536743164,339.31494140625,0.2819424271583557,128.05410766601562,0.0,0.0
-51.14398956298828,335.976318359375,0.2819424271583557,128.05410766601562,0.0,0.0
-54.82459259033203,335.0001220703125,0.2819424271583557,128.05410766601562,0.0,0.0
-1.4151203632354736,306.8454895019531,0.2819424271583557,-66.40547180175781,0.0,0.0
-4.062154769897461,304.1615905761719,0.2819424271583557,-66.40547180175781,0.0,0.0
-7.8299241065979,304.04364013671875,0.2819424271583557,-66.40547180175781,0.0,0.0
-10.476964950561523,301.3597717285156,0.2819424271583557,-66.40547180175781,0.0,0.0
194.699951171875,-311.1709899902344,0.5999999642372131,-179.8567352294922,0.0,0.0
211.311767578125,-307.8799743652344,0.48194244503974915,0.5897827744483948,0.0,0.0
205.48858642578125,-317.73675537109375,0.48194244503974915,-88.68557739257812,0.0,0.0
201.5546417236328,-298.8638610839844,0.48194244503974915,91.3144302368164,0.0,0.0
348.28558349609375,-164.05177307128906,0.5999999642372131,90.77143096923828,0.0,0.0
341.3101806640625,-172.21388244628906,0.5999999642372131,-179.6738739013672,0.0,0.0
356.21246337890625,-168.62899780273438,0.5999999642372131,0.32612475752830505,0.0,0.0
351.9571533203125,-176.76959228515625,0.5999999642372131,-89.22854614257812,0.0,0.0
200.88221740722656,-385.3092346191406,0.2819424271583557,-179.57008361816406,0.0,0.0
198.6084747314453,-388.82623291015625,0.2819424271583557,-179.57008361816406,0.0,0.0
200.9347381591797,-392.3090515136719,0.2819424271583557,-179.57008361816406,0.0,0.0
198.66099548339844,-395.8260192871094,0.2819424271583557,-179.57008361816406,0.0,0.0
207.59591674804688,-367.7582702636719,0.44999998807907104,0.4299219250679016,0.0,0.0
209.02215576171875,-371.247802734375,0.44999998807907104,0.4299219250679016,0.0,0.0
207.6484375,-374.7580871582031,0.44999998807907104,0.4299219250679016,0.0,0.0
202.8744354248047,-356.3746032714844,0.48194244503974915,91.3144302368164,0.0,0.0
212.6692657470703,-364.220458984375,0.857196033000946,0.4299219250679016,0.0,0.0
250.85569763183594,-310.97308349609375,0.48194244503974915,-179.4102020263672,0.0,0.0
263.3051452636719,-307.3447570800781,0.2819424271583557,0.5897840261459351,0.0,0.0
255.3369903564453,-302.60601806640625,0.5819424390792847,90.17677307128906,0.0,0.0
315.26519775390625,-256.2635498046875,0.2819424271583557,-89.48907470703125,0.0,0.0
311.6084899902344,-238.71185302734375,0.2819424271583557,90.51093292236328,0.0,0.0
304.38616943359375,-250.0477294921875,0.2819424271583557,179.60549926757812,0.0,0.0
322.6086120605469,-246.67312622070312,0.2819424271583557,-0.394500732421875,0.0,0.0
315.0611877441406,-233.3867645263672,0.2819424271583557,-89.48907470703125,0.0,0.0
311.4590148925781,-221.94686889648438,0.2819424271583557,90.51093292236328,0.0,0.0
314.5877380371094,-180.29779052734375,0.3999999761581421,-89.48907470703125,0.0,0.0
310.9175109863281,-161.22764587402344,0.3999999761581421,90.51093292236328,0.0,0.0
303.2471618652344,-172.43052673339844,0.5999999642372131,-179.6738739013672,0.0,0.0
321.7052917480469,-168.82542419433594,0.5999999642372131,0.32612475752830505,0.0,0.0
314.1199645996094,-127.8437271118164,0.48194244503974915,-89.48907470703125,0.0,0.0
310.4871826171875,-112.97294616699219,0.48194244503974915,90.51093292236328,0.0,0.0
304.1087951660156,-121.58297729492188,0.5819424390792847,-179.0779266357422,0.0,0.0
410.94744873046875,-14.670990943908691,0.2819424271583557,-79.30448913574219,0.0,0.0
321.527099609375,-117.80158996582031,0.48194244503974915,0.9240431189537048,0.0,0.0
4.600162029266357,-86.20665740966797,0.2819424271583557,-90.224853515625,0.0,0.0
8.111515998840332,-83.32039642333984,0.2819424271583557,-90.224853515625,0.0,0.0
11.600117683410645,-86.234130859375,0.2819424271583557,-90.224853515625,0.0,0.0
15.111461639404297,-83.34786987304688,0.2819424271583557,-90.224853515625,0.0,0.0
-16.246213912963867,-47.01910400390625,0.2819424271583557,89.77516174316406,0.0,0.0
-12.754473686218262,-49.13283920288086,0.2819424271583557,89.77516174316406,0.0,0.0
-9.246258735656738,-47.04658126831055,0.2819424271583557,89.77516174316406,0.0,0.0
-5.754527568817139,-49.160316467285156,0.2819424271583557,89.77516174316406,0.0,0.0
24.689603805541992,-80.39801788330078,0.2819424271583557,-55.52561950683594,0.0,0.0
258.4601745605469,-180.45677185058594,0.3999999761581421,-89.8232421875,0.0,0.0
254.899169921875,-160.67750549316406,0.3999999761581421,90.17677307128906,0.0,0.0
246.87356567382812,-172.7514190673828,0.5999999642372131,-179.6738739013672,0.0,0.0
266.2822265625,-169.140869140625,0.5999999642372131,0.32612475752830505,0.0,0.0
403.0406494140625,-174.05661010742188,0.2819424271583557,-89.40142059326172,0.0,0.0
406.5666809082031,-176.5199737548828,0.2819424271583557,-89.40142059326172,0.0,0.0
410.0402526855469,-173.98348999023438,0.2819424271583557,-89.40142059326172,0.0,0.0
413.5663146972656,-176.4468536376953,0.2819424271583557,-89.40142059326172,0.0,0.0
385.42474365234375,-163.07142639160156,0.3999999761581421,90.59857940673828,0.0,0.0
388.9571533203125,-166.1347198486328,0.3999999761581421,90.59857940673828,0.0,0.0
392.42437744140625,-162.99832153320312,0.3999999761581421,90.59857940673828,0.0,0.0
381.81695556640625,-152.6042022705078,0.3999999761581421,90.59270477294922,0.0,0.0
376.7408142089844,-172.01220703125,0.5999999642372131,-179.6738739013672,0.0,0.0
328.3581237792969,-172.28756713867188,0.5999999642372131,-179.6738739013672,0.0,0.0
335.2097473144531,-168.74855041503906,0.5999999642372131,0.32612475752830505,0.0,0.0
5.249121189117432,66.17042541503906,0.38194242119789124,-90.28911590576172,0.0,0.0
8.758665084838867,68.05274963378906,0.2819424271583557,-90.28911590576172,0.0,0.0
12.249037742614746,66.13510131835938,0.38194242119789124,-90.28911590576172,0.0,0.0
15.758575439453125,68.01742553710938,0.2819424271583557,-90.28911590576172,0.0,0.0
-15.437881469726562,128.24945068359375,0.2819424271583557,89.71089935302734,0.0,0.0
-11.94750690460205,126.331787109375,0.2819424271583557,89.71089935302734,0.0,0.0
-8.437963485717773,128.214111328125,0.2819424271583557,89.71089935302734,0.0,0.0
-4.947597026824951,126.29646301269531,0.2819424271583557,89.71089935302734,0.0,0.0
-24.995059967041016,123.359619140625,0.2819424271583557,125.05874633789062,0.0,0.0
65.31761932373047,16.848064422607422,11.668004989624023,-179.76736450195312,0.20326641201972961,-2.605526731869201e-11
68.33110809326172,13.360282897949219,11.457353591918945,-179.76736450195312,0.20326641201972961,-2.605526731869201e-11
65.34603881835938,9.848136901855469,11.668004989624023,-179.76736450195312,0.20326641201972961,-2.605526731869201e-11
68.35952758789062,6.360339641571045,11.457353591918945,-179.76736450195312,0.20326641201972961,-2.605526731869201e-11
112.76689910888672,38.237789154052734,11.154974937438965,0.9779464602470398,-1.1882001161575317,0.0
110.0277099609375,34.690513610839844,11.213045120239258,0.9779464602470398,-1.1882001161575317,0.0
112.8863754272461,31.238807678222656,11.154974937438965,0.9779464602470398,-1.1882001161575317,0.0
110.14720153808594,27.69153594970703,11.213045120239258,0.9779464602470398,-1.1882001161575317,0.0
107.80447387695312,47.71295928955078,11.192305564880371,35.83047866821289,-1.1960753202438354,0.0
131.18211364746094,-180.5467529296875,0.3999999761581421,-87.54390716552734,0.0,0.0
133.1906280517578,-169.8984375,0.5999999642372131,0.33319076895713806,0.0,0.0
125.03673553466797,-173.44491577148438,0.5999999642372131,-179.6738739013672,0.0,0.0
380.90777587890625,-59.795921325683594,0.3999999761581421,90.43304443359375,0.0,0.0
375.6085205078125,-68.68538665771484,0.2819424271583557,179.2731475830078,0.0,0.0
401.9940185546875,-71.04511260986328,0.2819424271583557,-89.5609130859375,0.0,0.0
405.4783020019531,-69.01839447021484,0.2819424271583557,-89.5609130859375,0.0,0.0
408.9937744140625,-70.99147033691406,0.2819424271583557,-89.5609130859375,0.0,0.0
412.47808837890625,-68.96473693847656,0.2819424271583557,-89.5609130859375,0.0,0.0
384.45794677734375,-66.3690185546875,0.3999999761581421,90.43909454345703,0.0,0.0
387.93072509765625,-62.842342376708984,0.3999999761581421,90.43909454345703,0.0,0.0
391.4577331542969,-66.31537628173828,0.3999999761581421,90.43909454345703,0.0,0.0
-25.391359329223633,-245.3306427001953,0.2819424271583557,123.94567108154297,0.0,0.0
-27.568939208984375,-248.3633575439453,0.2819424271583557,123.94567108154297,0.0,0.0
20.18295669555664,-288.97021484375,0.2819424271583557,-63.64533996582031,0.0,0.0
24.118234634399414,-289.0294189453125,0.2819424271583557,-63.64533996582031,0.0,0.0
26.455394744873047,-285.86273193359375,0.2819424271583557,-63.64533996582031,0.0,0.0
30.390676498413086,-285.92193603515625,0.2819424271583557,-63.64533996582031,0.0,0.0
-15.688627243041992,-241.026611328125,0.2819424271583557,97.19615936279297,0.0,0.0
-12.065874099731445,-241.77880859375,0.2819424271583557,97.19615936279297,0.0,0.0
-8.743764877319336,-240.1497344970703,0.2819424271583557,97.19615936279297,0.0,0.0
-5.095958709716797,-241.1003875732422,0.2819424271583557,97.19615936279297,0.0,0.0
-105.51869201660156,16.305517196655273,9.771309852600098,-179.92318725585938,-1.1565558910369873,1.0424164309519313e-10
-102.10466766357422,12.81009578704834,9.839937210083008,-179.92318725585938,-1.1565558910369873,1.0424164309519313e-10
-105.49930572509766,9.305541038513184,9.771309852600098,-179.92318725585938,-1.1565558910369873,1.0424164309519313e-10
-102.09528350830078,5.8101019859313965,9.839937210083008,-179.92318725585938,-1.1565558910369873,1.0424164309519313e-10
-69.65084075927734,37.35363006591797,10.215619087219238,0.07682593911886215,0.972154438495636,0.0
-67.14990234375,33.85698318481445,10.458008766174316,0.07682593911886215,0.972154438495636,0.0
-69.6414566040039,30.3536376953125,10.215619087219238,0.07682593911886215,0.972154438495636,0.0
-67.14051818847656,26.85699462890625,10.458008766174316,0.07682593911886215,0.972154438495636,0.0
-99.5702896118164,-3.670201301574707,9.771309852600098,-143.66709899902344,-0.12402256578207016,0.0
204.15391540527344,-259.578125,0.48194244503974915,-88.68557739257812,0.0,0.0
211.27268981933594,-245.90652465820312,0.7819424271583557,-0.394500732421875,0.0,0.0
199.99087524414062,-230.69216918945312,0.7819424271583557,91.3144302368164,0.0,0.0
194.09445190429688,-248.6903533935547,0.7999999523162842,178.40469360351562,0.0,0.0
62.13904571533203,-180.00250244140625,0.5999999642372131,-89.64641571044922,0.0,0.0
54.10126876831055,-173.84866333007812,0.5999999642372131,-179.6738739013672,0.0,0.0
66.74894714355469,-170.276611328125,0.5999999642372131,0.32612475752830505,0.0,0.0
-391.8832702636719,5.74047327041626,0.2819424271583557,179.631591796875,0.0,0.0
-390.31549072265625,16.230613708496094,0.2819424271583557,179.631591796875,0.0,0.0
-391.8380432128906,12.740335464477539,0.2819424271583557,179.631591796875,0.0,0.0
-390.36053466796875,9.230758666992188,0.2819424271583557,179.631591796875,0.0,0.0
-364.3430480957031,37.064048767089844,0.2819424271583557,-0.368408203125,0.0,0.0
-365.8655700683594,33.573753356933594,0.2819424271583557,-0.368408203125,0.0,0.0
-364.3880920410156,30.064191818237305,0.2819424271583557,-0.368408203125,0.0,0.0
-365.91058349609375,26.573896408081055,0.2819424271583557,-0.368408203125,0.0,0.0
-6.2216644287109375,-168.18861389160156,0.2819424271583557,89.7751235961914,0.0,0.0
-9.712218284606934,-165.77487182617188,0.2819424271583557,89.7751235961914,0.0,0.0
-13.221610069274902,-168.1611328125,0.2819424271583557,89.7751235961914,0.0,0.0
-16.712175369262695,-165.74740600585938,0.2819424271583557,89.7751235961914,0.0,0.0
11.246291160583496,-176.38783264160156,0.5999999642372131,-90.224853515625,0.0,0.0
7.73493766784668,-179.27407836914062,0.5999999642372131,-90.224853515625,0.0,0.0
4.246345520019531,-176.3603515625,0.5999999642372131,-90.224853515625,0.0,0.0
14.734890937805176,-179.3021240234375,0.5999999642372131,-90.224853515625,0.0,0.0
20.040634155273438,-170.54249572753906,0.5999999642372131,0.3246752917766571,0.0,0.0
262.7838134765625,-118.74906158447266,0.48194244503974915,0.9272140264511108,0.0,0.0
258.3017883300781,-129.0966796875,0.48194244503974915,-89.8232421875,0.0,0.0
249.52442932128906,-122.46336364746094,0.48194244503974915,-179.0759735107422,0.0,0.0
407.95355224609375,-17.678857803344727,0.2819424271583557,-79.30448913574219,0.0,0.0
401.07525634765625,-18.978403091430664,0.2819424271583557,-79.3049087524414,0.0,0.0
404.0691223144531,-15.970556259155273,0.2819424271583557,-79.3049087524414,0.0,0.0
368.4827575683594,0.44631868600845337,0.2819424271583557,134.09779357910156,0.0,0.0
372.38775634765625,1.4456130266189575,0.2819424271583557,134.09779357910156,0.0,0.0
373.50982666015625,5.3175177574157715,0.2819424271583557,134.09779357910156,0.0,0.0
377.4148254394531,6.316812992095947,0.2819424271583557,134.09779357910156,0.0,0.0
