-27.017662048339844,66.21400451660156,0.0,-179.92672729492188,0.0,0.0
-31.547380447387695,65.69906616210938,0.0,194.08718872070312,0.0,0.0
-35.75004196166992,64.02803039550781,0.0,209.2797088623047,0.0,0.0
-39.21615982055664,61.34925079345703,0.0,228.86328125,0.0,0.0
-41.24679946899414,57.65663528442383,0.0,253.5222930908203,0.0,0.0
-41.65678405761719,53.19367218017578,0.0,-90.1612319946289,0.0,0.0
-48.57393264770508,82.6451187133789,0.0,89.8387680053711,360.0,0.0
-52.07392120361328,82.65496826171875,0.0,89.8387680053711,360.0,0.0
-48.5880012512207,77.6451416015625,0.0,89.8387680053711,360.0,0.0
-52.087989807128906,77.65499114990234,0.0,89.8387680053711,360.0,0.0
-48.602073669433594,72.64515686035156,0.0,89.8387680053711,360.0,0.0
-52.1020622253418,72.6550064086914,0.0,89.8387680053711,360.0,0.0
-48.61614227294922,67.64517974853516,0.0,89.8387680053711,360.0,0.0
-52.11613082885742,67.655029296875,0.0,89.8387680053711,360.0,0.0
-48.63021469116211,62.64520263671875,0.0,89.8387680053711,360.0,0.0
-52.13020324707031,62.655052185058594,0.0,89.8387680053711,360.0,0.0
-48.644283294677734,57.64522171020508,0.0,89.8387680053711,360.0,0.0
-52.14427185058594,57.65507125854492,0.0,89.8387680053711,360.0,0.0
-48.658355712890625,52.645240783691406,0.0,89.8387680053711,360.0,0.0
-52.15834426879883,52.65509033203125,0.0,89.8387680053711,360.0,0.0
-41.57395935058594,82.62542724609375,0.0,-90.1612319946289,0.0,0.0
-41.3963508605957,77.99199676513672,0.0,281.4358825683594,0.0,0.0
-39.67458724975586,74.18819427490234,0.0,307.2711486816406,0.0,0.0
-36.42045974731445,71.4166030883789,0.0,-29.909677505493164,0.0,0.0
-32.30881881713867,69.91413116455078,0.0,-10.237007141113281,0.0,0.0
-27.635892868041992,69.71322631835938,0.0,0.07325929403305054,0.0,0.0
26.435718536376953,16.757444381713867,0.0,-179.84078979492188,360.0,0.0
26.44544219970703,13.257457733154297,0.0,-179.84078979492188,360.0,0.0
31.435697555541992,16.771337509155273,0.0,-179.84078979492188,360.0,0.0
31.44542121887207,13.271350860595703,0.0,-179.84078979492188,360.0,0.0
36.43568420410156,16.785228729248047,0.0,-179.84078979492188,360.0,0.0
36.44540786743164,13.285242080688477,0.0,-179.84078979492188,360.0,0.0
41.435665130615234,16.799121856689453,0.0,-179.84078979492188,360.0,0.0
41.44538879394531,13.299135208129883,0.0,-179.84078979492188,360.0,0.0
46.43564224243164,16.81301498413086,0.0,-179.84078979492188,360.0,0.0
46.44536590576172,13.313028335571289,0.0,-179.84078979492188,360.0,0.0
51.43562316894531,16.826908111572266,0.0,-179.84078979492188,360.0,0.0
51.44534683227539,13.326921463012695,0.0,-179.84078979492188,360.0,0.0
56.43560028076172,16.84079933166504,0.0,-179.84078979492188,360.0,0.0
56.4453239440918,13.340812683105469,0.0,-179.84078979492188,360.0,0.0
26.403766632080078,28.25739860534668,0.0,-359.8407897949219,0.0,0.0
30.9974308013916,28.56936264038086,0.0,-347.2818298339844,0.0,0.0
35.02115249633789,30.258039474487305,0.0,-327.1844787597656,0.0,0.0
38.18721008300781,33.21669006347656,0.0,-306.1561279296875,0.0,0.0
40.017215728759766,37.11064147949219,0.0,-284.18719482421875,0.0,0.0
40.38605499267578,41.67192840576172,0.0,-270.7510986328125,0.0,0.0
27.14229393005371,66.28325653076172,0.0,-179.92672729492188,360.0,0.0
31.87096405029297,66.17265319824219,0.0,-188.63729858398438,360.0,0.0
35.8285026550293,64.67633819580078,0.0,-212.78518676757812,360.0,0.0
38.8386116027832,61.68731689453125,0.0,123.40516662597656,360.0,0.0
40.41234588623047,57.7335090637207,0.0,100.0029296875,360.0,0.0
40.535499572753906,53.071502685546875,0.0,89.24890899658203,360.0,0.0
-67.15464782714844,-58.19374465942383,0.0,-359.40325927734375,0.0,0.0
-62.371429443359375,-58.049739837646484,0.0,-352.4498596191406,0.0,0.0
-58.19428634643555,-56.74140167236328,0.0,-332.767578125,0.0,0.0
-54.73504638671875,-54.1189079284668,0.0,-311.9425964355469,0.0,0.0
-52.61628723144531,-50.447509765625,0.0,-288.0357666015625,0.0,0.0
-52.12234878540039,-46.06426239013672,0.0,-269.5676574707031,0.0,0.0
-67.08174133300781,-65.19336700439453,0.0,-179.40325927734375,360.0,0.0
-67.0452880859375,-68.69317626953125,0.0,-179.40325927734375,360.0,0.0
-62.08201599121094,-65.14129638671875,0.0,-179.40325927734375,360.0,0.0
-62.04556655883789,-68.64110565185547,0.0,-179.40325927734375,360.0,0.0
-57.0822868347168,-65.08921813964844,0.0,-179.40325927734375,360.0,0.0
-57.04583740234375,-68.58902740478516,0.0,-179.40325927734375,360.0,0.0
-52.082557678222656,-65.03714752197266,0.0,-179.40325927734375,360.0,0.0
-52.04610824584961,-68.53695678710938,0.0,-179.40325927734375,360.0,0.0
-47.082828521728516,-64.98506927490234,0.0,-179.40325927734375,360.0,0.0
-47.04637908935547,-68.48487854003906,0.0,-179.40325927734375,360.0,0.0
-42.083099365234375,-64.93299865722656,0.0,-179.40325927734375,360.0,0.0
-42.04664993286133,-68.43280792236328,0.0,-179.40325927734375,360.0,0.0
-37.083370208740234,-64.88092041015625,0.0,-179.40325927734375,360.0,0.0
-37.04692077636719,-68.38072967529297,0.0,-179.40325927734375,360.0,0.0
-32.083641052246094,-64.82884979248047,0.0,-179.40325927734375,360.0,0.0
-32.04719161987305,-68.32865905761719,0.0,-179.40325927734375,360.0,0.0
44.02894973754883,52.548702239990234,0.0,-90.7510986328125,360.0,0.0
43.8681526184082,57.85639572143555,0.0,-80.31185913085938,360.0,0.0
41.790401458740234,63.141658782958984,0.0,-56.766357421875,360.0,0.0
37.868499755859375,67.17304992675781,0.0,-35.304595947265625,360.0,0.0
32.68648910522461,69.45955657958984,0.0,-12.313430786132812,360.0,0.0
27.331613540649414,69.78350067138672,0.0,-359.92669677734375,360.0,0.0
-67.15464782714844,-58.193748474121094,0.0,-359.40325927734375,0.0,0.0
-67.11819458007812,-61.69355773925781,0.0,-359.40325927734375,0.0,0.0
-62.1549186706543,-58.14167404174805,0.0,-359.40325927734375,0.0,0.0
-62.11846923828125,-61.641483306884766,0.0,-359.40325927734375,0.0,0.0
-57.155189514160156,-58.089599609375,0.0,-359.40325927734375,0.0,0.0
-57.11874008178711,-61.58940887451172,0.0,-359.40325927734375,0.0,0.0
-52.155460357666016,-58.03752517700195,0.0,-359.40325927734375,0.0,0.0
-52.11901092529297,-61.53733444213867,0.0,-359.40325927734375,0.0,0.0
-47.155731201171875,-57.985450744628906,0.0,-359.40325927734375,0.0,0.0
-47.11928176879883,-61.485260009765625,0.0,-359.40325927734375,0.0,0.0
-42.156002044677734,-57.93337631225586,0.0,-359.40325927734375,0.0,0.0
-42.11955261230469,-61.43318557739258,0.0,-359.40325927734375,0.0,0.0
-37.156272888183594,-57.88130187988281,0.0,-359.40325927734375,0.0,0.0
-37.11982345581055,-61.38111114501953,0.0,-359.40325927734375,0.0,0.0
-32.15654373168945,-57.829227447509766,0.0,-359.40325927734375,0.0,0.0
-32.120094299316406,-61.329036712646484,0.0,-359.40325927734375,0.0,0.0
-27.836780548095703,-57.784236907958984,0.0,0.59674072265625,360.0,0.0
-32.230918884277344,-57.25581741333008,0.0,-17.432693481445312,360.0,0.0
-36.04573059082031,-55.21992111206055,0.0,-38.74333190917969,360.0,0.0
-39.016422271728516,-51.90092468261719,0.0,-56.09906005859375,360.0,0.0
-40.948238372802734,-47.86389923095703,0.0,-72.7564697265625,360.0,0.0
-41.64177703857422,-43.442535400390625,0.0,-89.41384887695312,360.0,0.0
98.8006591796875,82.89085388183594,0.0,90.3907470703125,360.0,0.0
98.81400299072266,78.01016998291016,0.0,86.47112274169922,360.0,0.0
97.5813217163086,74.0912857055664,0.0,58.607215881347656,360.0,0.0
94.65135955810547,71.1823959350586,0.0,31.36395263671875,360.0,0.0
90.7055892944336,69.89494323730469,0.0,4.7777252197265625,360.0,0.0
-48.6427001953125,-43.3538932800293,0.0,90.43233489990234,360.0,0.0
-48.575775146484375,-48.44489669799805,0.0,93.4306869506836,360.0,0.0
-47.54281997680664,-53.789066314697266,0.0,108.44847106933594,360.0,0.0
-45.16037368774414,-58.683048248291016,0.0,123.46625518798828,360.0,0.0
-41.16213607788086,-62.71391296386719,0.0,147.05137634277344,360.0,0.0
-35.80966567993164,-64.71614837646484,0.0,171.92929077148438,360.0,0.0
-30.55128288269043,-64.8128890991211,0.0,-179.40325927734375,360.0,0.0
-66.8261489868164,24.498342514038086,0.0,0.15919755399227142,0.0,0.0
-61.714866638183594,24.471139907836914,0.0,-3.510146141052246,0.0,0.0
-56.362632751464844,23.404142379760742,0.0,-19.038646697998047,0.0,0.0
-51.491424560546875,20.94321060180664,0.0,-34.56714630126953,0.0,0.0
-47.46052932739258,17.27355194091797,0.0,-49.87932205200195,0.0,0.0
-44.47508239746094,12.796564102172852,0.0,-62.72657012939453,0.0,0.0
-42.55984115600586,7.767829895019531,0.0,-75.57382202148438,0.0,0.0
-41.810699462890625,2.439124345779419,0.0,-88.42106628417969,0.0,0.0
85.98224639892578,66.35848999023438,0.0,-179.92672729492188,360.0,0.0
90.71330261230469,66.25540161132812,0.0,-188.57113647460938,360.0,0.0
94.62535095214844,64.73937225341797,0.0,-213.79437255859375,360.0,0.0
97.53131103515625,61.69622039794922,0.0,121.35215759277344,360.0,0.0
98.91018676757812,57.70998764038086,0.0,96.80986022949219,360.0,0.0
58.05227279663086,66.3227767944336,0.0,-179.92672729492188,0.0,0.0
53.052276611328125,66.3163833618164,0.0,-179.92672729492188,0.0,0.0
48.05228042602539,66.30998992919922,0.0,-179.92672729492188,0.0,0.0
43.052284240722656,66.30359649658203,0.0,-179.92672729492188,0.0,0.0
38.05228805541992,66.29720306396484,0.0,-179.92672729492188,0.0,0.0
33.05229568481445,66.29080963134766,0.0,-179.92672729492188,0.0,0.0
28.052295684814453,66.28441619873047,0.0,-179.92672729492188,0.0,0.0
109.97942352294922,-22.602590560913086,0.0,-89.1551513671875,0.0,0.0
106.47980499267578,-22.654197692871094,0.0,-89.1551513671875,0.0,0.0
102.98018646240234,-22.70580291748047,0.0,90.8448486328125,360.0,0.0
99.4805679321289,-22.757410049438477,0.0,90.8448486328125,360.0,0.0
109.70387268066406,-28.258115768432617,0.0,-96.42388153076172,0.0,0.0
106.22584533691406,-27.86652374267578,0.0,-96.42388153076172,0.0,0.0
102.74781799316406,-27.474933624267578,0.0,83.57611846923828,360.0,0.0
99.26979064941406,-27.083341598510742,0.0,83.57611846923828,360.0,0.0
108.71495819091797,-33.83332061767578,0.0,-103.6926040649414,0.0,0.0
105.3144302368164,-33.00482940673828,0.0,-103.6926040649414,0.0,0.0
101.91390228271484,-32.17633056640625,0.0,76.3073959350586,360.0,0.0
98.51337432861328,-31.347837448120117,0.0,76.3073959350586,360.0,0.0
107.02861022949219,-39.238609313964844,0.0,-110.9613265991211,0.0,0.0
103.7602310180664,-37.98652648925781,0.0,-110.9613265991211,0.0,0.0
100.49185943603516,-36.73444366455078,0.0,69.0386734008789,360.0,0.0
97.22348022460938,-35.48236083984375,0.0,69.0386734008789,360.0,0.0
104.67192077636719,-44.387088775634766,0.0,-118.23006439208984,0.0,0.0
101.58822631835938,-42.731544494628906,0.0,-118.23006439208984,0.0,0.0
98.50453186035156,-41.07599639892578,0.0,61.769935607910156,360.0,0.0
95.42083740234375,-39.42045211791992,0.0,61.769935607910156,360.0,0.0
101.6827621459961,-49.196022033691406,0.0,-125.49878692626953,0.0,0.0
98.83331298828125,-47.16362380981445,0.0,-125.49878692626953,0.0,0.0
95.98387145996094,-45.131221771240234,0.0,54.50121307373047,360.0,0.0
93.1344223022461,-43.09882354736328,0.0,54.50121307373047,360.0,0.0
98.10918426513672,-53.58811569213867,0.0,-132.76751708984375,0.0,0.0
95.53977966308594,-51.211524963378906,0.0,-132.76751708984375,0.0,0.0
92.97038269042969,-48.834938049316406,0.0,47.23248291015625,360.0,0.0
90.4009780883789,-46.45834732055664,0.0,47.23248291015625,360.0,0.0
94.00862884521484,-57.49276351928711,0.0,-140.03623962402344,0.0,0.0
91.76056671142578,-54.810184478759766,0.0,-140.03623962402344,0.0,0.0
89.51250457763672,-52.12760543823242,0.0,39.96376037597656,360.0,0.0
87.26444244384766,-49.44502639770508,0.0,39.96376037597656,360.0,0.0
89.44699096679688,-60.84722137451172,0.0,-147.30496215820312,0.0,0.0
87.55640411376953,-57.90176773071289,0.0,-147.30496215820312,0.0,0.0
85.66582489013672,-54.95631790161133,0.0,32.695037841796875,360.0,0.0
83.77523803710938,-52.0108642578125,0.0,32.695037841796875,360.0,0.0
84.49760437011719,-63.597564697265625,0.0,-154.5736846923828,0.0,0.0
82.99488067626953,-60.43658447265625,0.0,-154.5736846923828,0.0,0.0
81.49214935302734,-57.275596618652344,0.0,25.426315307617188,360.0,0.0
79.98942565917969,-54.11461639404297,0.0,25.426315307617188,360.0,0.0
79.24000549316406,-65.69960021972656,0.0,-161.84242248535156,0.0,0.0
78.14929962158203,-62.3738899230957,0.0,-161.84242248535156,0.0,0.0
77.05858612060547,-59.04817581176758,0.0,18.157577514648438,360.0,0.0
75.96788024902344,-55.72246551513672,0.0,18.157577514648438,360.0,0.0
73.75869750976562,-67.1195297241211,0.0,-169.11114501953125,0.0,0.0
73.0975341796875,-63.68254470825195,0.0,-169.11114501953125,0.0,0.0
72.43637084960938,-60.24556350708008,0.0,10.88885498046875,360.0,0.0
71.77520751953125,-56.80857849121094,0.0,10.88885498046875,360.0,0.0
68.14179229736328,-67.83453369140625,0.0,-176.37986755371094,0.0,0.0
67.9207992553711,-64.34152221679688,0.0,-176.37986755371094,0.0,0.0
67.6998062133789,-60.84850311279297,0.0,3.6201324462890625,360.0,0.0
67.47881317138672,-57.35548782348633,0.0,3.6201324462890625,360.0,0.0
62.809814453125,-67.9226303100586,0.0,179.97657775878906,0.0,0.0
62.81124496459961,-64.4226303100586,0.0,179.97657775878906,0.0,0.0
62.81267166137695,-60.92263412475586,0.0,359.9765625,360.0,0.0
62.81410217285156,-57.42263412475586,0.0,359.9765625,360.0,0.0
57.809814453125,-67.92058563232422,0.0,179.97657775878906,0.0,0.0
57.81124496459961,-64.42058563232422,0.0,179.97657775878906,0.0,0.0
57.81267166137695,-60.920589447021484,0.0,359.9765625,360.0,0.0
57.81410217285156,-57.420589447021484,0.0,359.9765625,360.0,0.0
52.809814453125,-67.91854858398438,0.0,179.97657775878906,0.0,0.0
52.81124496459961,-64.41854858398438,0.0,179.97657775878906,0.0,0.0
52.81267166137695,-60.918548583984375,0.0,359.9765625,360.0,0.0
52.81410217285156,-57.418548583984375,0.0,359.9765625,360.0,0.0
47.809814453125,-67.91650390625,0.0,179.97657775878906,0.0,0.0
47.81124496459961,-64.41650390625,0.0,179.97657775878906,0.0,0.0
47.81267166137695,-60.91650390625,0.0,359.9765625,360.0,0.0
47.81410217285156,-57.41650390625,0.0,359.9765625,360.0,0.0
42.809814453125,-67.91445922851562,0.0,179.97657775878906,0.0,0.0
42.81124496459961,-64.41445922851562,0.0,179.97657775878906,0.0,0.0
42.81267166137695,-60.91446304321289,0.0,359.9765625,360.0,0.0
42.81410217285156,-57.41446304321289,0.0,359.9765625,360.0,0.0
37.809814453125,-67.91241455078125,0.0,179.97657775878906,0.0,0.0
37.81124496459961,-64.41241455078125,0.0,179.97657775878906,0.0,0.0
37.81267166137695,-60.912418365478516,0.0,359.9765625,360.0,0.0
37.81410217285156,-57.412418365478516,0.0,359.9765625,360.0,0.0
32.809814453125,-67.9103775024414,0.0,179.97657775878906,0.0,0.0
32.81124496459961,-64.4103775024414,0.0,179.97657775878906,0.0,0.0
32.81267166137695,-60.910377502441406,0.0,359.9765625,360.0,0.0
32.81410217285156,-57.410377502441406,0.0,359.9765625,360.0,0.0
27.809812545776367,-67.90833282470703,0.0,179.97657775878906,0.0,0.0
27.811243057250977,-64.40833282470703,0.0,179.97657775878906,0.0,0.0
27.812673568725586,-60.90833282470703,0.0,359.9765625,360.0,0.0
27.814104080200195,-57.40833282470703,0.0,359.9765625,360.0,0.0
22.809816360473633,-67.90628814697266,0.0,179.97657775878906,0.0,0.0
22.811246871948242,-64.40628814697266,0.0,179.97657775878906,0.0,0.0
22.81267738342285,-60.90629196166992,0.0,359.9765625,360.0,0.0
22.81410789489746,-57.40629196166992,0.0,359.9765625,360.0,0.0
17.809816360473633,-67.90425109863281,0.0,179.97657775878906,0.0,0.0
17.811246871948242,-64.40425109863281,0.0,179.97657775878906,0.0,0.0
17.81267738342285,-60.90425109863281,0.0,359.9765625,360.0,0.0
17.81410789489746,-57.40425109863281,0.0,359.9765625,360.0,0.0
12.80981731414795,-67.90220642089844,0.0,179.97657775878906,0.0,0.0
12.811246871948242,-64.40220642089844,0.0,179.97657775878906,0.0,0.0
12.812677383422852,-60.90220642089844,0.0,359.9765625,360.0,0.0
12.814106941223145,-57.40220642089844,0.0,359.9765625,360.0,0.0
7.809817314147949,-67.90016174316406,0.0,179.97657775878906,0.0,0.0
7.8112473487854,-64.40016174316406,0.0,179.97657775878906,0.0,0.0
7.812676906585693,-60.90016555786133,0.0,359.9765625,360.0,0.0
7.8141069412231445,-57.40016555786133,0.0,359.9765625,360.0,0.0
58.047794342041016,69.8227767944336,0.0,0.073272705078125,360.0,0.0
53.04779815673828,69.8163833618164,0.0,0.073272705078125,360.0,0.0
48.04780197143555,69.80998992919922,0.0,0.073272705078125,360.0,0.0
43.04780578613281,69.80359649658203,0.0,0.073272705078125,360.0,0.0
38.04780960083008,69.79720306396484,0.0,0.073272705078125,360.0,0.0
33.04781723022461,69.79080963134766,0.0,0.073272705078125,360.0,0.0
28.047821044921875,69.78441619873047,0.0,0.073272705078125,360.0,0.0
-41.68677520751953,42.535579681396484,0.0,-450.1612243652344,0.0,0.0
-41.38561248779297,37.92793273925781,0.0,-78.01495361328125,0.0,0.0
-39.794700622558594,33.796669006347656,0.0,-59.8625602722168,0.0,0.0
-37.01868438720703,30.45295524597168,0.0,-39.21434783935547,0.0,0.0
-33.24543762207031,28.490991592407227,0.0,-15.731558799743652,0.0,0.0
-28.76641082763672,28.104106903076172,0.0,-359.8407897949219,0.0,0.0
44.02894973754883,52.548702239990234,0.0,-90.75109100341797,0.0,0.0
40.52924728393555,52.59458541870117,0.0,89.24890899658203,360.0,0.0
43.96340560913086,47.54913330078125,0.0,-90.75109100341797,0.0,0.0
40.46370315551758,47.59501647949219,0.0,89.24890899658203,360.0,0.0
43.89786148071289,42.549560546875,0.0,-90.75109100341797,0.0,0.0
40.39815902709961,42.59544372558594,0.0,89.24890899658203,360.0,0.0
-0.21226438879966736,140.70989990234375,0.0,0.352119117975235,0.0,0.0
-0.19075478613376617,137.2099609375,0.0,0.352119117975235,0.0,0.0
-0.16924519836902618,133.71002197265625,0.0,180.35211181640625,360.0,0.0
-0.147735595703125,130.2100830078125,0.0,180.35211181640625,360.0,0.0
4.751319885253906,140.75218200683594,0.0,0.7474330067634583,0.0,0.0
4.796976566314697,137.25247192382812,0.0,0.7474330067634583,0.0,0.0
4.8426337242126465,133.75277709960938,0.0,180.7474365234375,360.0,0.0
4.8882904052734375,130.25306701660156,0.0,180.7474365234375,360.0,0.0
9.711109161376953,140.8401641845703,0.0,1.1775866746902466,0.0,0.0
9.783038139343262,137.34091186523438,0.0,1.1775866746902466,0.0,0.0
9.854968070983887,133.84164428710938,0.0,181.17758178710938,360.0,0.0
9.926897048950195,130.34239196777344,0.0,181.17758178710938,360.0,0.0
14.756292343139648,140.924560546875,0.0,0.6765730977058411,0.0,0.0
14.79762077331543,137.4248046875,0.0,0.6765730977058411,0.0,0.0
14.838949203491211,133.925048828125,0.0,180.67657470703125,360.0,0.0
14.880277633666992,130.42529296875,0.0,180.67657470703125,360.0,0.0
-67.08174133300781,-65.19336700439453,0.0,-179.40325927734375,360.0,0.0
-62.08121109008789,-65.14128112792969,0.0,-179.40325927734375,360.0,0.0
-56.64070510864258,-64.37262725830078,0.0,-162.41806030273438,360.0,0.0
-51.69340133666992,-61.806888580322266,0.0,-142.75820922851562,360.0,0.0
-47.89688491821289,-57.74089431762695,0.0,-123.46652221679688,360.0,0.0
-45.639923095703125,-52.665828704833984,0.0,-104.4844970703125,360.0,0.0
-45.1131591796875,-47.255462646484375,0.0,-89.56765747070312,360.0,0.0
-27.836780548095703,-57.784236907958984,0.0,0.5967352390289307,0.0,0.0
-27.800329208374023,-61.2840461730957,0.0,0.5967352390289307,0.0,0.0
-27.76387596130371,-64.78385925292969,0.0,180.59674072265625,360.0,0.0
-27.72742462158203,-68.2836685180664,0.0,180.59674072265625,360.0,0.0
-22.837051391601562,-57.73216247558594,0.0,0.5967352390289307,0.0,0.0
-22.800600051879883,-61.231971740722656,0.0,0.5967352390289307,0.0,0.0
-22.76414680480957,-64.73178100585938,0.0,180.59674072265625,360.0,0.0
-22.72769546508789,-68.2315902709961,0.0,180.59674072265625,360.0,0.0
-17.837324142456055,-57.68008804321289,0.0,0.5967352390289307,0.0,0.0
-17.800872802734375,-61.17989730834961,0.0,0.5967352390289307,0.0,0.0
-17.764419555664062,-64.6797103881836,0.0,180.59674072265625,360.0,0.0
-17.727968215942383,-68.17951965332031,0.0,180.59674072265625,360.0,0.0
-12.837594032287598,-57.628013610839844,0.0,0.5967352390289307,0.0,0.0
-12.801141738891602,-61.12782287597656,0.0,0.5967352390289307,0.0,0.0
-12.764690399169922,-64.62763214111328,0.0,180.59674072265625,360.0,0.0
-12.728238105773926,-68.12744140625,0.0,180.59674072265625,360.0,0.0
-7.837865829467773,-57.5759391784668,0.0,0.5967352390289307,0.0,0.0
-7.8014140129089355,-61.075748443603516,0.0,0.5967352390289307,0.0,0.0
-7.7649617195129395,-64.5755615234375,0.0,180.59674072265625,360.0,0.0
-7.728509902954102,-68.07537078857422,0.0,180.59674072265625,360.0,0.0
-41.8112678527832,-1.7042436599731445,0.0,-90.16119384765625,360.0,0.0
-41.55839538574219,2.9452521800994873,0.0,-101.11767578125,360.0,0.0
-40.00382995605469,7.053216934204102,0.0,-120.33840942382812,360.0,0.0
-37.19297790527344,10.398473739624023,0.0,-140.27239990234375,360.0,0.0
-33.41349792480469,12.500568389892578,0.0,-161.56314086914062,360.0,0.0
-29.036426544189453,13.103300094604492,0.0,-179.84078979492188,360.0,0.0
-67.0452880859375,-68.69317626953125,0.0,-179.40325927734375,360.0,0.0
-62.04490661621094,-68.64109802246094,0.0,-179.40325927734375,360.0,0.0
-56.57477951049805,-67.80834197998047,0.0,-161.00961303710938,360.0,0.0
-51.69184875488281,-65.02850341796875,0.0,-139.68484497070312,360.0,0.0
-48.1550178527832,-60.7596435546875,0.0,-121.05035400390625,360.0,0.0
-45.96795654296875,-55.78788375854492,0.0,-106.43865966796875,360.0,0.0
-45.10584259033203,-50.42519760131836,0.0,-91.82696533203125,360.0,0.0
-45.12749099731445,-45.35642623901367,0.0,-89.56765747070312,360.0,0.0
109.89640045166016,-4.425507068634033,0.0,-89.6092529296875,0.0,0.0
106.396484375,-4.449376106262207,0.0,-89.6092529296875,0.0,0.0
102.89656066894531,-4.473245620727539,0.0,90.3907470703125,360.0,0.0
99.39664459228516,-4.497114658355713,0.0,90.3907470703125,360.0,0.0
-103.21614074707031,-2.2083921432495117,0.0,-89.3577651977539,0.0,0.0
-106.7159194946289,-2.2476232051849365,0.0,-89.3577651977539,0.0,0.0
-110.21570587158203,-2.2868540287017822,0.0,90.6422348022461,360.0,0.0
-113.71548461914062,-2.326085090637207,0.0,90.6422348022461,360.0,0.0
-103.16009521484375,-7.208077907562256,0.0,-89.3577651977539,0.0,0.0
-106.65987396240234,-7.247308731079102,0.0,-89.3577651977539,0.0,0.0
-110.15966033935547,-7.2865400314331055,0.0,90.6422348022461,360.0,0.0
-113.65943908691406,-7.325770854949951,0.0,90.6422348022461,360.0,0.0
-103.10404968261719,-12.207763671875,0.0,-89.3577651977539,0.0,0.0
-106.60382843017578,-12.246994972229004,0.0,-89.3577651977539,0.0,0.0
-110.1036148071289,-12.286225318908691,0.0,90.6422348022461,360.0,0.0
-113.6033935546875,-12.325456619262695,0.0,90.6422348022461,360.0,0.0
-103.04800415039062,-17.20745086669922,0.0,-89.3577651977539,0.0,0.0
-106.54778289794922,-17.246681213378906,0.0,-89.3577651977539,0.0,0.0
-110.04756927490234,-17.285911560058594,0.0,90.6422348022461,360.0,0.0
-113.54734802246094,-17.32514190673828,0.0,90.6422348022461,360.0,0.0
-102.99175262451172,-22.180795669555664,0.0,-89.07035064697266,0.0,0.0
-106.49128723144531,-22.23758316040039,0.0,-89.07035064697266,0.0,0.0
-109.99082946777344,-22.294368743896484,0.0,90.92964935302734,360.0,0.0
-113.49036407470703,-22.35115623474121,0.0,90.92964935302734,360.0,0.0
-102.67937469482422,-26.596345901489258,0.0,-82.83625793457031,0.0,0.0
-106.15205383300781,-27.032814025878906,0.0,-82.83625793457031,0.0,0.0
-109.62472534179688,-27.469284057617188,0.0,97.16374206542969,360.0,0.0
-113.09740447998047,-27.905752182006836,0.0,97.16374206542969,360.0,0.0
-101.88935089111328,-30.951866149902344,0.0,-76.60216522216797,0.0,0.0
-105.29409790039062,-31.762855529785156,0.0,-76.60216522216797,0.0,0.0
-108.69883728027344,-32.57384490966797,0.0,103.39783477783203,360.0,0.0
-112.10358428955078,-33.38483428955078,0.0,103.39783477783203,360.0,0.0
-100.63103485107422,-35.195838928222656,0.0,-70.36807250976562,0.0,0.0
-103.92758178710938,-36.37175369262695,0.0,-70.36807250976562,0.0,0.0
-107.22412109375,-37.547672271728516,0.0,109.63192749023438,360.0,0.0
-110.52066802978516,-38.72358703613281,0.0,109.63192749023438,360.0,0.0
-98.9192886352539,-39.278072357177734,0.0,-64.13398742675781,0.0,0.0
-102.06864929199219,-40.80501174926758,0.0,-64.13398742675781,0.0,0.0
-105.21800231933594,-42.33195114135742,0.0,115.86601257324219,360.0,0.0
-108.36736297607422,-43.858890533447266,0.0,115.86601257324219,360.0,0.0
-96.77438354492188,-43.15028762817383,0.0,-57.89989471435547,0.0,0.0
-99.73931121826172,-45.010189056396484,0.0,-57.89989471435547,0.0,0.0
-102.70423126220703,-46.87009048461914,0.0,122.10010528564453,360.0,0.0
-105.66915893554688,-48.7299919128418,0.0,122.10010528564453,360.0,0.0
-94.22167205810547,-46.766685485839844,0.0,-51.665802001953125,0.0,0.0
-96.96709442138672,-48.93754959106445,0.0,-51.665802001953125,0.0,0.0
-99.71251678466797,-51.10841751098633,0.0,128.33419799804688,360.0,0.0
-102.45793914794922,-53.27928161621094,0.0,128.33419799804688,360.0,0.0
-91.35295104980469,-49.95757293701172,0.0,-43.9636344909668,0.0,0.0
-93.78266143798828,-52.476802825927734,0.0,-43.9636344909668,0.0,0.0
-96.21236419677734,-54.996036529541016,0.0,136.03636169433594,360.0,0.0
-98.64207458496094,-57.51526641845703,0.0,136.03636169433594,360.0,0.0
-88.0964126586914,-52.675106048583984,0.0,-35.725276947021484,0.0,0.0
-90.14006042480469,-55.51649475097656,0.0,-35.725276947021484,0.0,0.0
-92.1837158203125,-58.357887268066406,0.0,144.27471923828125,360.0,0.0
-94.22736358642578,-61.199275970458984,0.0,144.27471923828125,360.0,0.0
-84.48407745361328,-54.89795684814453,0.0,-27.486915588378906,0.0,0.0
-86.0994873046875,-58.002864837646484,0.0,-27.486915588378906,0.0,0.0
-87.71490478515625,-61.10776901245117,0.0,152.51309204101562,360.0,0.0
-89.33031463623047,-64.21267700195312,0.0,152.51309204101562,360.0,0.0
-80.59050750732422,-56.58024978637695,0.0,-19.248554229736328,0.0,0.0
-81.74433898925781,-59.88459014892578,0.0,-19.248554229736328,0.0,0.0
-82.89817810058594,-63.188934326171875,0.0,160.75144958496094,360.0,0.0
-84.05200958251953,-66.49327087402344,0.0,160.75144958496094,360.0,0.0
-76.49606323242188,-57.68727111816406,0.0,-11.0101957321167,0.0,0.0
-77.16450500488281,-61.12284851074219,0.0,-11.0101957321167,0.0,0.0
-77.83294677734375,-64.55842590332031,0.0,168.98980712890625,360.0,0.0
-78.50138854980469,-67.99400329589844,0.0,168.98980712890625,360.0,0.0
-72.28523254394531,-58.1961669921875,0.0,-2.771836519241333,0.0,0.0
-72.4544906616211,-61.692073822021484,0.0,-2.771836519241333,0.0,0.0
-72.62374114990234,-65.18798065185547,0.0,177.22816467285156,360.0,0.0
-72.79299926757812,-68.68388366699219,0.0,177.22816467285156,360.0,0.0
-67.59461975097656,-58.19832992553711,0.0,0.5967352390289307,0.0,0.0
-67.55816650390625,-61.69813919067383,0.0,0.5967352390289307,0.0,0.0
-67.52171325683594,-65.19795227050781,0.0,180.59674072265625,360.0,0.0
-67.48526000976562,-68.69776153564453,0.0,180.59674072265625,360.0,0.0
-66.8261489868164,24.498342514038086,0.0,0.15919755399227142,0.0,0.0
-61.59351348876953,24.341711044311523,0.0,-7.698979377746582,0.0,0.0
-56.30764389038086,22.786832809448242,0.0,-25.084325790405273,0.0,0.0
-51.72785186767578,19.723587036132812,0.0,-42.46967315673828,0.0,0.0
-48.090599060058594,15.758028984069824,0.0,-55.284786224365234,0.0,0.0
-45.771888732910156,10.665834426879883,0.0,-75.75127410888672,0.0,0.0
-45.29166793823242,5.265802383422852,0.0,-90.1612319946289,0.0,0.0
-45.30573654174805,0.26582205295562744,0.0,-90.1612319946289,0.0,0.0
19.330636978149414,140.9599151611328,0.0,0.32044845819473267,0.0,0.0
19.35021209716797,137.4599609375,0.0,0.32044845819473267,0.0,0.0
19.36978530883789,133.96002197265625,0.0,180.32044982910156,360.0,0.0
19.389360427856445,130.46006774902344,0.0,180.32044982910156,360.0,0.0
24.33055877685547,140.98788452148438,0.0,0.32044845819473267,0.0,0.0
24.350133895874023,137.48793029785156,0.0,0.32044845819473267,0.0,0.0
24.369707107543945,133.9879913330078,0.0,180.32044982910156,360.0,0.0
24.3892822265625,130.488037109375,0.0,180.32044982910156,360.0,0.0
29.330480575561523,141.01583862304688,0.0,0.32044845819473267,0.0,0.0
29.350055694580078,137.51588439941406,0.0,0.32044845819473267,0.0,0.0
29.36962890625,134.0159454345703,0.0,180.32044982910156,360.0,0.0
29.389204025268555,130.5159912109375,0.0,180.32044982910156,360.0,0.0
34.33040237426758,141.04380798339844,0.0,0.32044845819473267,0.0,0.0
34.3499755859375,137.54385375976562,0.0,0.32044845819473267,0.0,0.0
34.36955261230469,134.04391479492188,0.0,180.32044982910156,360.0,0.0
34.38912582397461,130.54396057128906,0.0,180.32044982910156,360.0,0.0
39.330326080322266,141.07177734375,0.0,0.32044845819473267,0.0,0.0
39.34989929199219,137.5718231201172,0.0,0.32044845819473267,0.0,0.0
39.369476318359375,134.07188415527344,0.0,180.32044982910156,360.0,0.0
39.3890495300293,130.57192993164062,0.0,180.32044982910156,360.0,0.0
44.33024597167969,141.0997314453125,0.0,0.32044845819473267,0.0,0.0
44.34981918334961,137.5997772216797,0.0,0.32044845819473267,0.0,0.0
44.3693962097168,134.09983825683594,0.0,180.32044982910156,360.0,0.0
44.38896942138672,130.59988403320312,0.0,180.32044982910156,360.0,0.0
49.33016586303711,141.12770080566406,0.0,0.32044845819473267,0.0,0.0
49.34973907470703,137.62774658203125,0.0,0.32044845819473267,0.0,0.0
49.36931610107422,134.1278076171875,0.0,180.32044982910156,360.0,0.0
49.38888931274414,130.6278533935547,0.0,180.32044982910156,360.0,0.0
54.3300895690918,141.15567016601562,0.0,0.32044845819473267,0.0,0.0
54.34966278076172,137.6557159423828,0.0,0.32044845819473267,0.0,0.0
54.369239807128906,134.15577697753906,0.0,180.32044982910156,360.0,0.0
54.38881301879883,130.65582275390625,0.0,180.32044982910156,360.0,0.0
59.330013275146484,141.18362426757812,0.0,0.32044845819473267,0.0,0.0
59.349586486816406,137.6836700439453,0.0,0.32044845819473267,0.0,0.0
59.369163513183594,134.18373107910156,0.0,180.32044982910156,360.0,0.0
59.388736724853516,130.68377685546875,0.0,180.32044982910156,360.0,0.0
64.3299331665039,141.2115936279297,0.0,0.32044845819473267,0.0,0.0
64.3495101928711,137.71163940429688,0.0,0.32044845819473267,0.0,0.0
64.36908721923828,134.21170043945312,0.0,180.32044982910156,360.0,0.0
64.38866424560547,130.7117462158203,0.0,180.32044982910156,360.0,0.0
69.99400329589844,140.8983612060547,0.0,-7.06863260269165,0.0,0.0
69.56330108642578,137.42495727539062,0.0,-7.06863260269165,0.0,0.0
69.1325912475586,133.95156860351562,0.0,172.93136596679688,360.0,0.0
68.70188903808594,130.47816467285156,0.0,172.93136596679688,360.0,0.0
75.60753631591797,139.80552673339844,0.0,-14.963980674743652,0.0,0.0
74.70379638671875,136.42422485351562,0.0,-14.963980674743652,0.0,0.0
73.800048828125,133.04290771484375,0.0,165.03602600097656,360.0,0.0
72.89630889892578,129.66160583496094,0.0,165.03602600097656,360.0,0.0
81.01774597167969,137.9519805908203,0.0,-22.85932731628418,0.0,0.0
79.6581039428711,134.72686767578125,0.0,-22.85932731628418,0.0,0.0
78.29845428466797,131.50173950195312,0.0,157.1406707763672,360.0,0.0
76.93881225585938,128.27662658691406,0.0,157.1406707763672,360.0,0.0
86.12206268310547,135.372802734375,0.0,-30.75467300415039,0.0,0.0
84.33229064941406,132.3650360107422,0.0,-30.75467300415039,0.0,0.0
82.54252624511719,129.3572540283203,0.0,149.24533081054688,360.0,0.0
80.75275421142578,126.34947967529297,0.0,149.24533081054688,360.0,0.0
90.82369995117188,132.11697387695312,0.0,-38.6500244140625,0.0,0.0
88.63773345947266,129.38356018066406,0.0,-38.6500244140625,0.0,0.0
86.45177459716797,126.65013885498047,0.0,141.3499755859375,360.0,0.0
84.26580810546875,123.9167251586914,0.0,141.3499755859375,360.0,0.0
95.03353881835938,128.24612426757812,0.0,-46.54536819458008,0.0,0.0
92.4928207397461,125.83889770507812,0.0,-46.54536819458008,0.0,0.0
89.95211029052734,123.43167114257812,0.0,133.4546356201172,360.0,0.0
87.41139221191406,121.0244369506836,0.0,133.4546356201172,360.0,0.0
98.63536834716797,123.91968536376953,0.0,-53.45283508300781,0.0,0.0
95.8235855102539,121.83549499511719,0.0,-53.45283508300781,0.0,0.0
93.01180267333984,119.75129699707031,0.0,126.54716491699219,360.0,0.0
90.20001983642578,117.66710662841797,0.0,126.54716491699219,360.0,0.0
101.69976806640625,119.30815887451172,0.0,-59.33835983276367,0.0,0.0
98.6890869140625,117.52326965332031,0.0,-59.33835983276367,0.0,0.0
95.67840576171875,115.73838806152344,0.0,120.66163635253906,360.0,0.0
92.667724609375,113.95349884033203,0.0,120.66163635253906,360.0,0.0
104.27513885498047,114.40670776367188,0.0,-65.223876953125,0.0,0.0
101.09730529785156,112.93994903564453,0.0,-65.223876953125,0.0,0.0
97.91947937011719,111.47319793701172,0.0,114.776123046875,360.0,0.0
94.74164581298828,110.00643920898438,0.0,114.776123046875,360.0,0.0
106.3343505859375,109.26702117919922,0.0,-71.1093978881836,0.0,0.0
103.02286529541016,108.13385009765625,0.0,-71.1093978881836,0.0,0.0
99.71138763427734,107.00068664550781,0.0,108.8906021118164,360.0,0.0
96.39990234375,105.86751556396484,0.0,108.8906021118164,360.0,0.0
107.85566711425781,103.94326782226562,0.0,-76.99491882324219,0.0,0.0
104.44544219970703,103.15563201904297,0.0,-76.99491882324219,0.0,0.0
101.03520965576172,102.36800384521484,0.0,103.00508117675781,360.0,0.0
97.62498474121094,101.58036804199219,0.0,103.00508117675781,360.0,0.0
108.82305908203125,98.4915771484375,0.0,-82.88043212890625,0.0,0.0
105.35004425048828,98.05778503417969,0.0,-82.88043212890625,0.0,0.0
101.87703704833984,97.62399291992188,0.0,97.11956787109375,360.0,0.0
98.40402221679688,97.19020080566406,0.0,97.11956787109375,360.0,0.0
109.22633361816406,92.96942901611328,0.0,-88.76595306396484,0.0,0.0
105.7271499633789,92.89405059814453,0.0,-88.76595306396484,0.0,0.0
102.22795867919922,92.81867218017578,0.0,91.23404693603516,360.0,0.0
98.72877502441406,92.74329376220703,0.0,91.23404693603516,360.0,0.0
109.26679992675781,87.89234924316406,0.0,-89.6092529296875,0.0,0.0
105.76688385009766,87.86847686767578,0.0,-89.6092529296875,0.0,0.0
102.26696014404297,87.84461212158203,0.0,90.3907470703125,360.0,0.0
98.76704406738281,87.82073974609375,0.0,90.3907470703125,360.0,0.0
-28.517200469970703,130.03573608398438,0.0,-539.6478881835938,0.0,0.0
-33.18843460083008,129.7314910888672,0.0,-169.46702575683594,0.0,0.0
-37.49991226196289,128.332763671875,0.0,-154.5850830078125,0.0,0.0
-41.26231384277344,125.893798828125,0.0,-138.1425323486328,0.0,0.0
-43.85012435913086,122.465576171875,0.0,-115.95250701904297,0.0,0.0
-44.95150375366211,118.31390380859375,0.0,-93.76249694824219,0.0,0.0
109.50276184082031,53.29315185546875,0.0,-89.6092529296875,0.0,0.0
106.00284576416016,53.269283294677734,0.0,-89.6092529296875,0.0,0.0
102.50292205810547,53.24541091918945,0.0,90.3907470703125,360.0,0.0
99.00300598144531,53.22154235839844,0.0,90.3907470703125,360.0,0.0
109.53685760498047,48.29326629638672,0.0,-89.6092529296875,0.0,0.0
106.03694152832031,48.2693977355957,0.0,-89.6092529296875,0.0,0.0
102.53701782226562,48.24552536010742,0.0,90.3907470703125,360.0,0.0
99.03710174560547,48.221656799316406,0.0,90.3907470703125,360.0,0.0
109.57096099853516,43.29338455200195,0.0,-89.6092529296875,0.0,0.0
106.071044921875,43.26951599121094,0.0,-89.6092529296875,0.0,0.0
102.57112121582031,43.245643615722656,0.0,90.3907470703125,360.0,0.0
99.07120513916016,43.22177505493164,0.0,90.3907470703125,360.0,0.0
106.07840728759766,42.18954086303711,0.0,-89.6092529296875,0.0,0.0
106.11251068115234,37.18924331665039,0.0,-89.6092529296875,0.0,0.0
106.14661407470703,32.18935775756836,0.0,-89.6092529296875,0.0,0.0
106.0215835571289,26.942569732666016,0.0,-97.9117202758789,0.0,0.0
104.24563598632812,21.61906623840332,0.0,-118.9862060546875,0.0,0.0
100.68186950683594,17.293840408325195,0.0,-139.79505920410156,0.0,0.0
95.87468719482422,14.475281715393066,0.0,-159.43679809570312,0.0,0.0
90.3998031616211,13.436602592468262,0.0,-179.0785369873047,0.0,0.0
85.37654876708984,13.421199798583984,0.0,-179.84078979492188,0.0,0.0
-0.14773565530776978,130.2100830078125,0.0,-179.6478729248047,0.0,0.0
-0.16924521327018738,133.71002197265625,0.0,-179.6478729248047,0.0,0.0
-0.19075477123260498,137.2099609375,0.0,0.3521270751953125,360.0,0.0
-0.21226432919502258,140.70989990234375,0.0,0.3521270751953125,360.0,0.0
-5.147641181945801,130.17935180664062,0.0,-179.6478729248047,0.0,0.0
-5.1691508293151855,133.67929077148438,0.0,-179.6478729248047,0.0,0.0
-5.190659999847412,137.17922973632812,0.0,0.3521270751953125,360.0,0.0
-5.212169647216797,140.67916870117188,0.0,0.3521270751953125,360.0,0.0
-10.147546768188477,130.14862060546875,0.0,-179.6478729248047,0.0,0.0
-10.16905689239502,133.6485595703125,0.0,-179.6478729248047,0.0,0.0
-10.190566062927246,137.14849853515625,0.0,0.3521270751953125,360.0,0.0
-10.212076187133789,140.6484375,0.0,0.3521270751953125,360.0,0.0
-15.147452354431152,130.117919921875,0.0,-179.6478729248047,0.0,0.0
-15.168962478637695,133.6178436279297,0.0,-179.6478729248047,0.0,0.0
-15.190471649169922,137.11778259277344,0.0,0.3521270751953125,360.0,0.0
-15.211981773376465,140.61770629882812,0.0,0.3521270751953125,360.0,0.0
-20.147357940673828,130.08718872070312,0.0,-179.6478729248047,0.0,0.0
-20.168867111206055,133.5871124267578,0.0,-179.6478729248047,0.0,0.0
-20.190378189086914,137.08705139160156,0.0,0.3521270751953125,360.0,0.0
-20.21188735961914,140.58697509765625,0.0,0.3521270751953125,360.0,0.0
-25.147262573242188,130.05645751953125,0.0,-179.6478729248047,0.0,0.0
-25.168771743774414,133.55638122558594,0.0,-179.6478729248047,0.0,0.0
-25.190282821655273,137.0563201904297,0.0,0.3521270751953125,360.0,0.0
-25.2117919921875,140.55624389648438,0.0,0.3521270751953125,360.0,0.0
58.047794342041016,69.8227767944336,0.0,0.073272705078125,360.0,0.0
53.04738235473633,69.81639099121094,0.0,0.073272705078125,360.0,0.0
47.42210006713867,68.64990234375,0.0,26.462936401367188,360.0,0.0
43.06175994873047,64.79761505126953,0.0,55.378517150878906,360.0,0.0
40.85236740112305,59.56953430175781,0.0,78.80360412597656,360.0,0.0
40.55118942260742,54.268089294433594,0.0,89.24890899658203,360.0,0.0
83.04327392578125,24.91476058959961,0.0,-359.8407897949219,0.0,0.0
88.04325103759766,24.928651809692383,0.0,-359.8407897949219,0.0,0.0
93.22521209716797,24.87339210510254,0.0,-365.8724670410156,0.0,0.0
98.66478729248047,22.990262985229492,0.0,-392.31817626953125,0.0,0.0
102.69650268554688,18.881675720214844,0.0,-418.7638854980469,0.0,0.0
104.90705871582031,13.979094505310059,0.0,-71.44373321533203,0.0,0.0
106.10345458984375,8.781859397888184,0.0,-82.6291732788086,0.0,0.0
106.34173583984375,3.578409433364868,0.0,-449.6092224121094,0.0,0.0
106.3758316040039,-1.4213203191757202,0.0,-449.6092224121094,0.0,0.0
-110.73300170898438,43.86024856567383,0.0,90.6422348022461,360.0,0.0
-110.67695617675781,38.86056137084961,0.0,90.6422348022461,360.0,0.0
-110.61959838867188,33.841243743896484,0.0,91.26700592041016,360.0,0.0
-109.66980743408203,28.415632247924805,0.0,108.59185028076172,360.0,0.0
-107.14742279052734,23.51900863647461,0.0,125.91670227050781,360.0,0.0
-103.34564208984375,19.538555145263672,0.0,143.10601806640625,360.0,0.0
-98.33230590820312,17.036706924438477,0.0,163.8520050048828,360.0,0.0
-92.89205932617188,16.425888061523438,0.0,-179.84078979492188,360.0,0.0
27.14229393005371,66.28325653076172,0.0,-179.92672729492188,0.0,0.0
27.137819290161133,69.78325653076172,0.0,0.073272705078125,360.0,0.0
22.142297744750977,66.27686309814453,0.0,-179.92672729492188,0.0,0.0
22.1378231048584,69.77686309814453,0.0,0.073272705078125,360.0,0.0
17.142301559448242,66.27046966552734,0.0,-179.92672729492188,0.0,0.0
17.137826919555664,69.77046966552734,0.0,0.073272705078125,360.0,0.0
12.142306327819824,66.26407623291016,0.0,-179.92672729492188,0.0,0.0
12.137831687927246,69.76407623291016,0.0,0.073272705078125,360.0,0.0
7.142311096191406,66.25768280029297,0.0,-179.92672729492188,0.0,0.0
7.137836456298828,69.75768280029297,0.0,0.073272705078125,360.0,0.0
2.142315149307251,66.25128936767578,0.0,-179.92672729492188,0.0,0.0
2.1378400325775146,69.75128936767578,0.0,0.073272705078125,360.0,0.0
-2.8576810359954834,66.2448959350586,0.0,-179.92672729492188,0.0,0.0
-2.8621561527252197,69.7448959350586,0.0,0.073272705078125,360.0,0.0
-7.85767936706543,66.2385025024414,0.0,-179.92672729492188,0.0,0.0
-7.862154006958008,69.7385025024414,0.0,0.073272705078125,360.0,0.0
-12.857671737670898,66.23210906982422,0.0,-179.92672729492188,0.0,0.0
-12.862146377563477,69.73210906982422,0.0,0.073272705078125,360.0,0.0
-17.857667922973633,66.22571563720703,0.0,-179.92672729492188,0.0,0.0
-17.86214256286621,69.72571563720703,0.0,0.073272705078125,360.0,0.0
-22.857664108276367,66.21932220458984,0.0,-179.92672729492188,0.0,0.0
-22.862138748168945,69.71932220458984,0.0,0.073272705078125,360.0,0.0
-41.483009338378906,114.94529724121094,0.0,-90.1612319946289,0.0,0.0
-44.98299789428711,114.95514678955078,0.0,-90.1612319946289,0.0,0.0
-48.48298263549805,114.9649887084961,0.0,89.8387680053711,360.0,0.0
-51.98297119140625,114.97483825683594,0.0,89.8387680053711,360.0,0.0
-41.49707794189453,109.94532012939453,0.0,-90.1612319946289,0.0,0.0
-44.997066497802734,109.95516967773438,0.0,-90.1612319946289,0.0,0.0
-48.49705123901367,109.96501159667969,0.0,89.8387680053711,360.0,0.0
-51.997039794921875,109.97486114501953,0.0,89.8387680053711,360.0,0.0
-41.51115036010742,104.9453353881836,0.0,-90.1612319946289,0.0,0.0
-45.011138916015625,104.95518493652344,0.0,-90.1612319946289,0.0,0.0
-48.51112365722656,104.96502685546875,0.0,89.8387680053711,360.0,0.0
-52.011112213134766,104.9748764038086,0.0,89.8387680053711,360.0,0.0
-41.52521896362305,99.94535827636719,0.0,-90.1612319946289,0.0,0.0
-45.02520751953125,99.95520782470703,0.0,-90.1612319946289,0.0,0.0
-48.52519226074219,99.96504974365234,0.0,89.8387680053711,360.0,0.0
-52.02518081665039,99.97489929199219,0.0,89.8387680053711,360.0,0.0
-41.53929138183594,94.94537353515625,0.0,-90.1612319946289,0.0,0.0
-45.03927993774414,94.9552230834961,0.0,-90.1612319946289,0.0,0.0
-48.53926467895508,94.9650650024414,0.0,89.8387680053711,360.0,0.0
-52.03925323486328,94.97491455078125,0.0,89.8387680053711,360.0,0.0
-41.55335998535156,89.94539642333984,0.0,-90.1612319946289,0.0,0.0
-45.053348541259766,89.95524597167969,0.0,-90.1612319946289,0.0,0.0
-48.5533332824707,89.965087890625,0.0,89.8387680053711,360.0,0.0
-52.053321838378906,89.97493743896484,0.0,89.8387680053711,360.0,0.0
-41.56743240356445,84.94541931152344,0.0,-90.1612319946289,0.0,0.0
-45.067420959472656,84.95526885986328,0.0,-90.1612319946289,0.0,0.0
-48.567405700683594,84.9651107788086,0.0,89.8387680053711,360.0,0.0
-52.0673942565918,84.97496032714844,0.0,89.8387680053711,360.0,0.0
-41.66096878051758,51.705543518066406,0.0,-90.1612319946289,0.0,0.0
-45.16095733642578,51.71539306640625,0.0,-90.1612319946289,0.0,0.0
-48.66094207763672,51.725242614746094,0.0,89.8387680053711,360.0,0.0
-52.16093063354492,51.73509216308594,0.0,89.8387680053711,360.0,0.0
-41.6750373840332,46.705562591552734,0.0,-90.1612319946289,0.0,0.0
-45.175025939941406,46.71541213989258,0.0,-90.1612319946289,0.0,0.0
-48.675010681152344,46.72526168823242,0.0,89.8387680053711,360.0,0.0
-52.17499923706055,46.735111236572266,0.0,89.8387680053711,360.0,0.0
109.92987823486328,-9.334196090698242,0.0,-89.6092529296875,0.0,0.0
106.42996215820312,-9.358065605163574,0.0,-89.6092529296875,0.0,0.0
102.93003845214844,-9.38193416595459,0.0,90.3907470703125,360.0,0.0
99.43012237548828,-9.405803680419922,0.0,90.3907470703125,360.0,0.0
109.94640350341797,-14.3782958984375,0.0,-90.09103393554688,0.0,0.0
106.4464111328125,-14.372735023498535,0.0,-90.09103393554688,0.0,0.0
102.9464111328125,-14.367173194885254,0.0,89.90896606445312,360.0,0.0
99.44641876220703,-14.361612319946289,0.0,89.90896606445312,360.0,0.0
109.94525146484375,-19.339298248291016,0.0,270.3343200683594,0.0,0.0
106.4453125,-19.35972023010254,0.0,270.3343200683594,0.0,0.0
102.94537353515625,-19.380144119262695,0.0,450.3343200683594,360.0,0.0
99.4454345703125,-19.40056610107422,0.0,450.3343200683594,360.0,0.0
106.07840728759766,42.18954086303711,0.0,-89.6092529296875,0.0,0.0
106.11251068115234,37.18924331665039,0.0,-89.6092529296875,0.0,0.0
105.82299041748047,31.89616584777832,0.0,-99.76660919189453,0.0,0.0
104.2044448852539,26.698122024536133,0.0,-114.82394409179688,0.0,0.0
101.26289367675781,22.078367233276367,0.0,-130.99021911621094,0.0,0.0
96.83682250976562,18.600465774536133,0.0,-152.69091796875,0.0,0.0
91.4384536743164,17.005624771118164,0.0,-174.3916015625,0.0,0.0
86.27436065673828,16.923707962036133,0.0,-179.84078979492188,0.0,0.0
-41.82001876831055,-4.8147735595703125,0.0,-90.1612319946289,0.0,0.0
-45.32000732421875,-4.804924488067627,0.0,-90.1612319946289,0.0,0.0
-48.81999206542969,-4.795074939727783,0.0,89.8387680053711,360.0,0.0
-52.31998062133789,-4.785225868225098,0.0,89.8387680053711,360.0,0.0
-41.83944320678711,-9.82934856414795,0.0,-90.32073974609375,0.0,0.0
-45.339385986328125,-9.809755325317383,0.0,-90.32073974609375,0.0,0.0
-48.839332580566406,-9.7901611328125,0.0,89.67926025390625,360.0,0.0
-52.33927536010742,-9.770567893981934,0.0,89.67926025390625,360.0,0.0
-41.85203552246094,-14.78698444366455,0.0,270.1412048339844,0.0,0.0
-45.35202407836914,-14.795611381530762,0.0,270.1412048339844,0.0,0.0
-48.85201644897461,-14.804238319396973,0.0,450.1412048339844,360.0,0.0
-52.35200500488281,-14.812865257263184,0.0,450.1412048339844,360.0,0.0
7.407855033874512,-67.89999389648438,0.0,179.97657775878906,0.0,0.0
7.409285068511963,-64.39999389648438,0.0,179.97657775878906,0.0,0.0
7.410714626312256,-60.899993896484375,0.0,359.9765625,360.0,0.0
7.412144660949707,-57.399993896484375,0.0,359.9765625,360.0,0.0
2.494053363800049,-67.93944549560547,0.0,-179.0850372314453,0.0,0.0
2.438164472579956,-64.43988800048828,0.0,-179.0850372314453,0.0,0.0
2.382275342941284,-60.940338134765625,0.0,0.9149627685546875,360.0,0.0
2.3263864517211914,-57.44078063964844,0.0,0.9149627685546875,360.0,0.0
-2.5168769359588623,-68.01824188232422,0.0,-179.21109008789062,0.0,0.0
-2.565066337585449,-64.51856994628906,0.0,-179.21109008789062,0.0,0.0
-2.613255500793457,-61.01890182495117,0.0,0.788909912109375,360.0,0.0
-2.661444902420044,-57.51923370361328,0.0,0.788909912109375,360.0,0.0
-88.685791015625,27.937620162963867,0.0,0.15919755399227142,0.0,0.0
-88.67606353759766,24.437633514404297,0.0,0.15919755399227142,0.0,0.0
-88.65383911132812,16.437665939331055,0.0,180.15919494628906,360.0,0.0
-88.64411163330078,12.937679290771484,0.0,180.15919494628906,360.0,0.0
-83.6858139038086,27.951513290405273,0.0,0.15919755399227142,0.0,0.0
-83.67608642578125,24.451526641845703,0.0,0.15919755399227142,0.0,0.0
-83.65386199951172,16.45155906677246,0.0,180.15919494628906,360.0,0.0
-83.64413452148438,12.95157241821289,0.0,180.15919494628906,360.0,0.0
-78.68582916259766,27.965404510498047,0.0,0.15919755399227142,0.0,0.0
-78.67610168457031,24.465417861938477,0.0,0.15919755399227142,0.0,0.0
-78.65387725830078,16.465450286865234,0.0,180.15919494628906,360.0,0.0
-78.64414978027344,12.965463638305664,0.0,180.15919494628906,360.0,0.0
-66.80392456054688,16.498376846313477,0.0,180.15919494628906,360.0,0.0
-66.79419708251953,12.998390197753906,0.0,180.15919494628906,360.0,0.0
-61.80393981933594,16.512269973754883,0.0,180.15919494628906,360.0,0.0
-61.794212341308594,13.012283325195312,0.0,180.15919494628906,360.0,0.0
-56.803958892822266,16.526161193847656,0.0,180.15919494628906,360.0,0.0
-56.79423141479492,13.026174545288086,0.0,180.15919494628906,360.0,0.0
-51.803977966308594,16.540054321289062,0.0,180.15919494628906,360.0,0.0
-51.79425048828125,13.040067672729492,0.0,180.15919494628906,360.0,0.0
-46.80399703979492,16.55394744873047,0.0,180.15919494628906,360.0,0.0
-46.79426956176758,13.053960800170898,0.0,180.15919494628906,360.0,0.0
-41.804019927978516,16.567840576171875,0.0,180.15919494628906,360.0,0.0
-41.79429244995117,13.067853927612305,0.0,180.15919494628906,360.0,0.0
-36.80403518676758,16.58173179626465,0.0,180.15919494628906,360.0,0.0
-36.794307708740234,13.081745147705078,0.0,180.15919494628906,360.0,0.0
-31.804054260253906,16.595624923706055,0.0,180.15919494628906,360.0,0.0
-31.794330596923828,13.095638275146484,0.0,180.15919494628906,360.0,0.0
58.05227279663086,66.3227767944336,0.0,-179.92672729492188,0.0,0.0
53.45671081542969,66.01899719238281,0.0,192.5907745361328,0.0,0.0
49.42747116088867,64.34015655517578,0.0,212.6485595703125,0.0,0.0
46.251502990722656,61.391319274902344,0.0,233.65988159179688,0.0,0.0
44.41005325317383,57.503562927246094,0.0,255.650634765625,0.0,0.0
44.0341911315918,52.948486328125,0.0,-90.75109100341797,0.0,0.0
-78.07583618164062,27.967100143432617,0.0,0.15919755399227142,0.0,0.0
-78.06610870361328,24.467113494873047,0.0,0.15919755399227142,0.0,0.0
-78.04388427734375,16.467145919799805,0.0,180.15919494628906,360.0,0.0
-78.0341567993164,12.967159271240234,0.0,180.15919494628906,360.0,0.0
-73.07585906982422,27.980993270874023,0.0,0.15919755399227142,0.0,0.0
-73.06613159179688,24.481006622314453,0.0,0.15919755399227142,0.0,0.0
-73.04390716552734,16.48103904724121,0.0,180.15919494628906,360.0,0.0
-73.0341796875,12.98105239868164,0.0,180.15919494628906,360.0,0.0
-68.07587432861328,27.994884490966797,0.0,0.15919755399227142,0.0,0.0
-68.06614685058594,24.494897842407227,0.0,0.15919755399227142,0.0,0.0
-68.0439224243164,16.494930267333984,0.0,180.15919494628906,360.0,0.0
-68.03419494628906,12.994943618774414,0.0,180.15919494628906,360.0,0.0
-107.23320770263672,43.89921951293945,0.0,-89.3577651977539,0.0,0.0
-107.17716217041016,38.899532318115234,0.0,-89.3577651977539,0.0,0.0
-106.6243896484375,34.40181350708008,0.0,-74.52864074707031,0.0,0.0
-104.81016540527344,30.32342529296875,0.0,-57.50873565673828,0.0,0.0
-101.89923858642578,27.02199935913086,0.0,-38.569969177246094,0.0,0.0
-98.0743408203125,24.98040771484375,0.0,-17.613431930541992,0.0,0.0
-93.67462158203125,24.423744201660156,0.0,0.15919755399227142,0.0,0.0
-66.83587646484375,27.99833106994629,0.0,0.15919755399227142,0.0,0.0
-66.8261489868164,24.49834442138672,0.0,0.15919755399227142,0.0,0.0
-61.83589172363281,28.012224197387695,0.0,0.15919755399227142,0.0,0.0
-61.826168060302734,24.512237548828125,0.0,0.15919755399227142,0.0,0.0
-56.83591079711914,28.02611541748047,0.0,0.15919755399227142,0.0,0.0
-56.82618713378906,24.5261287689209,0.0,0.15919755399227142,0.0,0.0
-51.83592987060547,28.040008544921875,0.0,0.15919755399227142,0.0,0.0
-51.82620620727539,24.540021896362305,0.0,0.15919755399227142,0.0,0.0
-46.8359489440918,28.05390167236328,0.0,0.15919755399227142,0.0,0.0
-46.82622528076172,24.55391502380371,0.0,0.15919755399227142,0.0,0.0
-41.83597183227539,28.067794799804688,0.0,0.15919755399227142,0.0,0.0
-41.82624816894531,24.567808151245117,0.0,0.15919755399227142,0.0,0.0
-36.83598709106445,28.08168601989746,0.0,0.15919755399227142,0.0,0.0
-36.826263427734375,24.58169937133789,0.0,0.15919755399227142,0.0,0.0
-31.836008071899414,28.095579147338867,0.0,0.15919755399227142,0.0,0.0
-31.826282501220703,24.595592498779297,0.0,0.15919755399227142,0.0,0.0
-45.18675994873047,42.54542922973633,0.0,-450.1612243652344,0.0,0.0
-45.20648956298828,37.508079528808594,0.0,-91.38640594482422,0.0,0.0
-45.93022155761719,32.1801872253418,0.0,-104.08472442626953,0.0,0.0
-47.80741500854492,27.14168930053711,0.0,-116.78304290771484,0.0,0.0
-50.76707458496094,22.622722625732422,0.0,-130.3271484375,0.0,0.0
-54.97907638549805,19.02766227722168,0.0,-148.70950317382812,0.0,0.0
-60.10987854003906,16.944332122802734,0.0,-167.09185791015625,0.0,0.0
-65.46631622314453,16.502092361450195,0.0,-539.8407592773438,0.0,0.0
43.88934326171875,41.89961624145508,0.0,-90.75109100341797,0.0,0.0
43.94904708862305,37.18097686767578,0.0,278.2901611328125,0.0,0.0
45.43720245361328,33.24468231201172,0.0,303.1288757324219,0.0,0.0
48.4599609375,30.235715866088867,0.0,-33.749298095703125,0.0,0.0
52.426841735839844,28.572307586669922,0.0,-11.749606132507324,0.0,0.0
57.04743194580078,28.34254264831543,0.0,0.15919755399227142,0.0,0.0
57.403648376464844,28.34353256225586,0.0,0.15919755399227142,0.0,0.0
57.41337203979492,24.84354591369629,0.0,0.15919755399227142,0.0,0.0
57.43560028076172,16.843578338623047,0.0,180.15919494628906,360.0,0.0
57.44532775878906,13.343591690063477,0.0,180.15919494628906,360.0,0.0
62.403629302978516,28.357425689697266,0.0,0.15919755399227142,0.0,0.0
62.413352966308594,24.857439041137695,0.0,0.15919755399227142,0.0,0.0
62.43558120727539,16.857471466064453,0.0,180.15919494628906,360.0,0.0
62.445308685302734,13.357484817504883,0.0,180.15919494628906,360.0,0.0
67.40360260009766,28.37131690979004,0.0,0.15919755399227142,0.0,0.0
67.413330078125,24.87133026123047,0.0,0.15919755399227142,0.0,0.0
67.43555450439453,16.871362686157227,0.0,180.15919494628906,360.0,0.0
67.44528198242188,13.371376037597656,0.0,180.15919494628906,360.0,0.0
72.4035873413086,28.385210037231445,0.0,0.15919755399227142,0.0,0.0
72.41331481933594,24.885223388671875,0.0,0.15919755399227142,0.0,0.0
72.43553924560547,16.885255813598633,0.0,180.15919494628906,360.0,0.0
72.44526672363281,13.385269165039062,0.0,180.15919494628906,360.0,0.0
77.40357208251953,28.39910316467285,0.0,0.15919755399227142,0.0,0.0
77.41329956054688,24.89911651611328,0.0,0.15919755399227142,0.0,0.0
77.4355239868164,16.89914894104004,0.0,180.15919494628906,360.0,0.0
77.44525146484375,13.399162292480469,0.0,180.15919494628906,360.0,0.0
82.40354919433594,28.412996292114258,0.0,0.15919755399227142,0.0,0.0
82.41327667236328,24.913009643554688,0.0,0.15919755399227142,0.0,0.0
82.43550109863281,16.913042068481445,0.0,180.15919494628906,360.0,0.0
82.44522857666016,13.413055419921875,0.0,180.15919494628906,360.0,0.0
-52.142601013183594,-43.38029861450195,0.0,90.43231964111328,0.0,0.0
-48.6427001953125,-43.35388946533203,0.0,90.43231964111328,0.0,0.0
-45.142799377441406,-43.327484130859375,0.0,270.43231201171875,360.0,0.0
-41.64289855957031,-43.30107498168945,0.0,270.43231201171875,360.0,0.0
-52.180328369140625,-38.38043975830078,0.0,90.43231964111328,0.0,0.0
-48.68042755126953,-38.35403060913086,0.0,90.43231964111328,0.0,0.0
-45.18052673339844,-38.3276252746582,0.0,270.43231201171875,360.0,0.0
-41.680625915527344,-38.30121612548828,0.0,270.43231201171875,360.0,0.0
-52.218055725097656,-33.380584716796875,0.0,90.43231964111328,0.0,0.0
-48.71815490722656,-33.35417556762695,0.0,90.43231964111328,0.0,0.0
-45.21825408935547,-33.3277702331543,0.0,270.43231201171875,360.0,0.0
-41.718353271484375,-33.301361083984375,0.0,270.43231201171875,360.0,0.0
-52.25578308105469,-28.380727767944336,0.0,90.43231964111328,0.0,0.0
-48.755882263183594,-28.354318618774414,0.0,90.43231964111328,0.0,0.0
-45.2559814453125,-28.327909469604492,0.0,270.43231201171875,360.0,0.0
-41.756080627441406,-28.30150032043457,0.0,270.43231201171875,360.0,0.0
-52.29351043701172,-23.380870819091797,0.0,90.43231964111328,0.0,0.0
-48.793609619140625,-23.354461669921875,0.0,90.43231964111328,0.0,0.0
-45.29370880126953,-23.328052520751953,0.0,270.43231201171875,360.0,0.0
-41.79380798339844,-23.30164337158203,0.0,270.43231201171875,360.0,0.0
-52.33123779296875,-18.381011962890625,0.0,90.43231964111328,0.0,0.0
-48.831336975097656,-18.354602813720703,0.0,90.43231964111328,0.0,0.0
-45.33143615722656,-18.32819366455078,0.0,270.43231201171875,360.0,0.0
-41.83153533935547,-18.30178451538086,0.0,270.43231201171875,360.0,0.0
-66.79419708251953,12.998388290405273,0.0,180.15919494628906,360.0,0.0
-62.092872619628906,12.855128288269043,0.0,-189.35409545898438,360.0,0.0
-58.0529899597168,11.362762451171875,0.0,-211.19515991210938,360.0,0.0
-54.84520721435547,8.467223167419434,0.0,127.42120361328125,360.0,0.0
-52.84976577758789,4.594662189483643,0.0,107.10079193115234,360.0,0.0
-52.30601501464844,0.17637880146503448,0.0,89.8387680053711,360.0,0.0
-103.21614074707031,-2.2083919048309326,0.0,-89.35775756835938,360.0,0.0
-103.12351989746094,2.505417585372925,0.0,-98.51388549804688,360.0,0.0
-101.69257354736328,6.5703125,0.0,-120.27279663085938,360.0,0.0
-98.84468078613281,9.830177307128906,0.0,-141.41464233398438,360.0,0.0
-94.99005126953125,12.021167755126953,0.0,-159.357177734375,360.0,0.0
-90.64791107177734,12.918130874633789,0.0,-177.29971313476562,360.0,0.0
-28.71629524230957,24.604232788085938,0.0,0.159210205078125,360.0,0.0
-34.02409362792969,24.327972412109375,0.0,10.780349731445312,360.0,0.0
-39.25299835205078,22.280921936035156,0.0,31.979141235351562,360.0,0.0
-43.38784408569336,18.48159408569336,0.0,53.17791748046875,360.0,0.0
-45.859161376953125,13.515207290649414,0.0,72.05926513671875,360.0,0.0
-47.38795471191406,8.676268577575684,0.0,74.51750946044922,360.0,0.0
-48.444908142089844,3.5545921325683594,0.0,82.16179656982422,360.0,0.0
-48.8111686706543,-1.6621674299240112,0.0,89.80608367919922,360.0,0.0
-70.48973083496094,128.9029083251953,0.0,-167.12777709960938,360.0,0.0
-65.98170471191406,129.32550048828125,0.0,-182.16189575195312,360.0,0.0
-61.51835632324219,128.5642547607422,0.0,-197.19598388671875,360.0,0.0
-57.416873931884766,126.67715454101562,0.0,147.3451690673828,360.0,0.0
-54.2611083984375,123.71202850341797,0.0,126.22247314453125,360.0,0.0
-52.38591766357422,119.80888366699219,0.0,105.09978485107422,360.0,0.0
-51.98202133178711,115.31092834472656,0.0,-270.1612243652344,360.0,0.0
-103.73343658447266,43.9387092590332,0.0,-89.3577651977539,0.0,0.0
-103.48396301269531,39.243717193603516,0.0,-79.80372619628906,0.0,0.0
-102.0274658203125,35.05694580078125,0.0,-61.83267593383789,0.0,0.0
-99.3536605834961,31.528532028198242,0.0,-43.673824310302734,0.0,0.0
-95.7161865234375,29.078859329223633,0.0,-24.243188858032227,0.0,0.0
-91.4709701538086,27.97876739501953,0.0,-4.812551021575928,0.0,0.0
-114.23278045654297,43.821014404296875,0.0,90.6422348022461,360.0,0.0
-114.1767349243164,38.82091522216797,0.0,90.6422348022461,360.0,0.0
-114.11214447021484,33.769737243652344,0.0,92.33361053466797,360.0,0.0
-113.06128692626953,28.362667083740234,0.0,109.662841796875,360.0,0.0
-110.44757843017578,23.5140380859375,0.0,126.9920654296875,360.0,0.0
-106.4931640625,19.66449737548828,0.0,144.69784545898438,360.0,0.0
-101.53826141357422,17.215547561645508,0.0,162.70050048828125,360.0,0.0
-96.08568572998047,16.417015075683594,0.0,-179.84078979492188,360.0,0.0
-91.08570098876953,16.430908203125,0.0,-179.84078979492188,360.0,0.0
-28.72602081298828,28.104219436645508,0.0,0.159210205078125,360.0,0.0
-33.85033416748047,28.052913665771484,0.0,4.2522430419921875,360.0,0.0
-39.29435348510742,26.54749870300293,0.0,26.662826538085938,360.0,0.0
-43.75328826904297,23.080297470092773,0.0,49.07341003417969,360.0,0.0
-46.66980743408203,18.45207405090332,0.0,65.01029968261719,360.0,0.0
-48.35022735595703,13.312257766723633,0.0,78.78020477294922,360.0,0.0
-48.78397750854492,8.002671241760254,0.0,89.8387680053711,360.0,0.0
-48.79804992675781,3.0026912689208984,0.0,89.8387680053711,360.0,0.0
-48.686744689941406,42.55527877807617,0.0,89.8387680053711,360.0,0.0
-52.18673324584961,42.565128326416016,0.0,89.8387680053711,360.0,0.0
-48.70081329345703,37.5552978515625,0.0,89.8387680053711,360.0,0.0
-52.200801849365234,37.565147399902344,0.0,89.8387680053711,360.0,0.0
-48.71488571166992,32.55531692504883,0.0,89.8387680053711,360.0,0.0
-52.214874267578125,32.56516647338867,0.0,89.8387680053711,360.0,0.0
-48.72895431518555,27.55533790588379,0.0,89.8387680053711,360.0,0.0
-52.22894287109375,27.565187454223633,0.0,89.8387680053711,360.0,0.0
-48.74302673339844,22.55535888671875,0.0,89.8387680053711,360.0,0.0
-52.24301528930664,22.565208435058594,0.0,89.8387680053711,360.0,0.0
-48.75709533691406,17.555377960205078,0.0,89.8387680053711,360.0,0.0
-52.257083892822266,17.565227508544922,0.0,89.8387680053711,360.0,0.0
-48.77116775512695,12.555397033691406,0.0,89.8387680053711,360.0,0.0
-52.271156311035156,12.56524658203125,0.0,89.8387680053711,360.0,0.0
-48.78523635864258,7.555416107177734,0.0,89.8387680053711,360.0,0.0
-52.28522491455078,7.56526517868042,0.0,89.8387680053711,360.0,0.0
-48.7993049621582,2.555438995361328,0.0,89.8387680053711,360.0,0.0
-52.299293518066406,2.5652883052825928,0.0,89.8387680053711,360.0,0.0
-66.83586883544922,27.998329162597656,0.0,0.15919755399227142,0.0,0.0
-61.83589172363281,28.012222290039062,0.0,0.15919755399227142,0.0,0.0
-57.762474060058594,28.903867721557617,0.0,26.04501724243164,0.0,0.0
-54.565956115722656,31.554716110229492,0.0,52.517093658447266,0.0,0.0
-52.631980895996094,35.40894317626953,0.0,74.18977355957031,0.0,0.0
-52.19425582885742,39.890960693359375,0.0,89.83876037597656,0.0,0.0
-41.686771392822266,42.535579681396484,0.0,-90.1612319946289,0.0,0.0
-45.18675994873047,42.54542922973633,0.0,-90.1612319946289,0.0,0.0
-41.70083999633789,37.53559875488281,0.0,-90.1612319946289,0.0,0.0
-45.200828552246094,37.545448303222656,0.0,-90.1612319946289,0.0,0.0
-41.71491241455078,32.53561782836914,0.0,-90.1612319946289,0.0,0.0
-45.214900970458984,32.545467376708984,0.0,-90.1612319946289,0.0,0.0
-41.728981018066406,27.5356388092041,0.0,-90.1612319946289,0.0,0.0
-45.22896957397461,27.545488357543945,0.0,-90.1612319946289,0.0,0.0
-41.7430534362793,22.535659790039062,0.0,-90.1612319946289,0.0,0.0
-45.2430419921875,22.545509338378906,0.0,-90.1612319946289,0.0,0.0
-41.75712203979492,17.53567886352539,0.0,-90.1612319946289,0.0,0.0
-45.257110595703125,17.545528411865234,0.0,-90.1612319946289,0.0,0.0
-41.77119445800781,12.535697937011719,0.0,-90.1612319946289,0.0,0.0
-45.271183013916016,12.545547485351562,0.0,-90.1612319946289,0.0,0.0
-41.78526306152344,7.535717487335205,0.0,-90.1612319946289,0.0,0.0
-45.28525161743164,7.545566558837891,0.0,-90.1612319946289,0.0,0.0
-41.79933166503906,2.5357401371002197,0.0,-90.1612319946289,0.0,0.0
-45.299320220947266,2.5455894470214844,0.0,-90.1612319946289,0.0,0.0
-71.26968383789062,132.3148956298828,0.0,-167.12710571289062,360.0,0.0
-66.54585266113281,133.1024627685547,0.0,-173.94189453125,360.0,0.0
-62.03615951538086,133.03965759277344,0.0,-189.464111328125,360.0,0.0
-57.81248474121094,131.64830017089844,0.0,-207.00149536132812,360.0,0.0
-54.10551452636719,128.99887084960938,0.0,138.95970153808594,360.0,0.0
-51.11586380004883,125.62196350097656,0.0,123.41239929199219,360.0,0.0
-49.19478988647461,121.56254577636719,0.0,107.23822784423828,360.0,0.0
-48.48054122924805,117.128662109375,0.0,91.0640640258789,360.0,0.0
109.57832336425781,42.213409423828125,0.0,-89.6092529296875,0.0,0.0
106.07840728759766,42.18954086303711,0.0,-89.6092529296875,0.0,0.0
109.61241912841797,37.213523864746094,0.0,-89.6092529296875,0.0,0.0
106.11250305175781,37.18965530395508,0.0,-89.6092529296875,0.0,0.0
109.64652252197266,32.21364212036133,0.0,-89.6092529296875,0.0,0.0
106.1466064453125,32.18977355957031,0.0,-89.6092529296875,0.0,0.0
109.68061828613281,27.213756561279297,0.0,-89.6092529296875,0.0,0.0
106.18070220947266,27.18988800048828,0.0,-89.6092529296875,0.0,0.0
109.7147216796875,22.2138729095459,0.0,-89.6092529296875,0.0,0.0
106.21480560302734,22.190004348754883,0.0,-89.6092529296875,0.0,0.0
109.74881744384766,17.2139892578125,0.0,-89.6092529296875,0.0,0.0
106.2489013671875,17.190120697021484,0.0,-89.6092529296875,0.0,0.0
109.78292083740234,12.214106559753418,0.0,-89.6092529296875,0.0,0.0
106.28300476074219,12.190237045288086,0.0,-89.6092529296875,0.0,0.0
109.8170166015625,7.214221000671387,0.0,-89.6092529296875,0.0,0.0
106.31710052490234,7.190351963043213,0.0,-89.6092529296875,0.0,0.0
109.85111236572266,2.214339256286621,0.0,-89.6092529296875,0.0,0.0
106.3511962890625,2.190469980239868,0.0,-89.6092529296875,0.0,0.0
109.88521575927734,-2.78554630279541,0.0,-89.6092529296875,0.0,0.0
106.38529968261719,-2.809415578842163,0.0,-89.6092529296875,0.0,0.0
-28.517202377319336,130.03573608398438,0.0,-539.6478881835938,0.0,0.0
-28.538711547851562,133.53567504882812,0.0,-539.6478881835938,0.0,0.0
-33.51710510253906,130.0050048828125,0.0,-539.6478881835938,0.0,0.0
-33.53861618041992,133.50494384765625,0.0,-539.6478881835938,0.0,0.0
-38.51700973510742,129.97427368164062,0.0,-539.6478881835938,0.0,0.0
-38.53852081298828,133.47421264648438,0.0,-539.6478881835938,0.0,0.0
-43.51691436767578,129.94357299804688,0.0,-539.6478881835938,0.0,0.0
-43.53842544555664,133.44349670410156,0.0,-539.6478881835938,0.0,0.0
-48.516822814941406,129.912841796875,0.0,-539.6478881835938,0.0,0.0
-48.538333892822266,133.4127655029297,0.0,-539.6478881835938,0.0,0.0
-53.5167236328125,129.88211059570312,0.0,-539.6478881835938,0.0,0.0
-53.53823471069336,133.3820343017578,0.0,-539.6478881835938,0.0,0.0
-58.516632080078125,129.85137939453125,0.0,-539.6478881835938,0.0,0.0
-58.538143157958984,133.35130310058594,0.0,-539.6478881835938,0.0,0.0
-63.39194869995117,129.8110809326172,0.0,-178.28973388671875,0.0,0.0
-63.49640655517578,133.3095245361328,0.0,-178.28973388671875,0.0,0.0
-67.74750518798828,129.42098999023438,0.0,-171.47494506835938,0.0,0.0
-68.26634979248047,132.88232421875,0.0,-171.47494506835938,0.0,0.0
-28.560218811035156,137.03561401367188,0.0,-359.64788818359375,360.0,0.0
-28.581727981567383,140.53555297851562,0.0,-359.64788818359375,360.0,0.0
-33.560123443603516,137.0048828125,0.0,-359.64788818359375,360.0,0.0
-33.581634521484375,140.50482177734375,0.0,-359.64788818359375,360.0,0.0
-38.560028076171875,136.97415161132812,0.0,-359.64788818359375,360.0,0.0
-38.581539154052734,140.47409057617188,0.0,-359.64788818359375,360.0,0.0
-43.559932708740234,136.9434356689453,0.0,-359.64788818359375,360.0,0.0
-43.581443786621094,140.443359375,0.0,-359.64788818359375,360.0,0.0
-48.55984115600586,136.91270446777344,0.0,-359.64788818359375,360.0,0.0
-48.58135223388672,140.41262817382812,0.0,-359.64788818359375,360.0,0.0
-53.55974197387695,136.88197326660156,0.0,-359.64788818359375,360.0,0.0
-53.58125305175781,140.38189697265625,0.0,-359.64788818359375,360.0,0.0
-58.55965042114258,136.8512420654297,0.0,-359.64788818359375,360.0,0.0
-58.58116149902344,140.35116577148438,0.0,-359.64788818359375,360.0,0.0
-63.600868225097656,136.80796813964844,0.0,1.71026611328125,360.0,0.0
-63.705326080322266,140.30641174316406,0.0,1.71026611328125,360.0,0.0
-68.78519439697266,136.34365844726562,0.0,8.525054931640625,360.0,0.0
-69.30403900146484,139.80499267578125,0.0,8.525054931640625,360.0,0.0
102.57848358154297,42.16566848754883,0.0,90.3907470703125,360.0,0.0
99.07856750488281,42.14179992675781,0.0,90.3907470703125,360.0,0.0
102.61257934570312,37.1657829284668,0.0,90.3907470703125,360.0,0.0
99.11266326904297,37.14191436767578,0.0,90.3907470703125,360.0,0.0
102.64668273925781,32.16590118408203,0.0,90.3907470703125,360.0,0.0
99.14676666259766,32.142032623291016,0.0,90.3907470703125,360.0,0.0
102.68077850341797,27.166019439697266,0.0,90.3907470703125,360.0,0.0
99.18086242675781,27.14215087890625,0.0,90.3907470703125,360.0,0.0
102.71488189697266,22.166135787963867,0.0,90.3907470703125,360.0,0.0
99.2149658203125,22.14226722717285,0.0,90.3907470703125,360.0,0.0
102.74897766113281,17.16625213623047,0.0,90.3907470703125,360.0,0.0
99.24906158447266,17.142383575439453,0.0,90.3907470703125,360.0,0.0
102.7830810546875,12.16636848449707,0.0,90.3907470703125,360.0,0.0
99.28316497802734,12.142498970031738,0.0,90.3907470703125,360.0,0.0
102.81717681884766,7.166482448577881,0.0,90.3907470703125,360.0,0.0
99.3172607421875,7.142613410949707,0.0,90.3907470703125,360.0,0.0
102.85127258300781,2.1666009426116943,0.0,90.3907470703125,360.0,0.0
99.35135650634766,2.1427316665649414,0.0,90.3907470703125,360.0,0.0
102.8853759765625,-2.833284616470337,0.0,90.3907470703125,360.0,0.0
99.38545989990234,-2.85715389251709,0.0,90.3907470703125,360.0,0.0
83.0335464477539,28.41474723815918,0.0,-359.8407897949219,0.0,0.0
88.01348114013672,28.429414749145508,0.0,-359.1845397949219,0.0,0.0
92.30603790283203,29.246244430541992,0.0,-339.26739501953125,0.0,0.0
96.05143737792969,31.467966079711914,0.0,-318.8658752441406,0.0,0.0
98.4537353515625,34.842403411865234,0.0,-292.029052734375,0.0,0.0
99.0994873046875,39.07368850708008,0.0,-269.6092529296875,0.0,0.0
26.40376853942871,28.25739860534668,0.0,-359.8407897949219,0.0,0.0
26.41349220275879,24.75741195678711,0.0,-359.8407897949219,0.0,0.0
31.40374755859375,28.271291732788086,0.0,-359.8407897949219,0.0,0.0
31.413471221923828,24.771305084228516,0.0,-359.8407897949219,0.0,0.0
36.40373229980469,28.28518295288086,0.0,-359.8407897949219,0.0,0.0
36.413455963134766,24.78519630432129,0.0,-359.8407897949219,0.0,0.0
41.40371322631836,28.299076080322266,0.0,-359.8407897949219,0.0,0.0
41.41343688964844,24.799089431762695,0.0,-359.8407897949219,0.0,0.0
46.403690338134766,28.312969207763672,0.0,-359.8407897949219,0.0,0.0
46.413414001464844,24.8129825592041,0.0,-359.8407897949219,0.0,0.0
51.40367126464844,28.326862335205078,0.0,-359.8407897949219,0.0,0.0
51.413394927978516,24.826875686645508,0.0,-359.8407897949219,0.0,0.0
56.403648376464844,28.34075355529785,0.0,-359.8407897949219,0.0,0.0
56.41337203979492,24.84076690673828,0.0,-359.8407897949219,0.0,0.0
102.30058288574219,82.91472625732422,0.0,-269.6092224121094,360.0,0.0
98.80066680908203,82.89085388183594,0.0,-269.6092224121094,360.0,0.0
102.33467864990234,77.91484069824219,0.0,-269.6092224121094,360.0,0.0
98.83476257324219,77.8909683227539,0.0,-269.6092224121094,360.0,0.0
102.36878204345703,72.91495513916016,0.0,-269.6092224121094,360.0,0.0
98.86886596679688,72.89108276367188,0.0,-269.6092224121094,360.0,0.0
102.40287780761719,67.91507720947266,0.0,-269.6092224121094,360.0,0.0
98.90296173095703,67.89120483398438,0.0,-269.6092224121094,360.0,0.0
102.43698120117188,62.91518783569336,0.0,-269.6092224121094,360.0,0.0
98.93706512451172,62.891319274902344,0.0,-269.6092224121094,360.0,0.0
102.47107696533203,57.91530227661133,0.0,-269.6092224121094,360.0,0.0
98.97116088867188,57.89143371582031,0.0,-269.6092224121094,360.0,0.0
85.98224639892578,66.35848999023438,0.0,-179.92672729492188,0.0,0.0
85.97777557373047,69.85848999023438,0.0,0.073272705078125,360.0,0.0
80.98225402832031,66.35209655761719,0.0,-179.92672729492188,0.0,0.0
80.977783203125,69.85209655761719,0.0,0.073272705078125,360.0,0.0
75.98225402832031,66.345703125,0.0,-179.92672729492188,0.0,0.0
75.977783203125,69.845703125,0.0,0.073272705078125,360.0,0.0
70.98226165771484,66.33930969238281,0.0,-179.92672729492188,0.0,0.0
70.97779083251953,69.83930969238281,0.0,0.073272705078125,360.0,0.0
65.98226165771484,66.33291625976562,0.0,-179.92672729492188,0.0,0.0
65.97779083251953,69.83291625976562,0.0,0.073272705078125,360.0,0.0
60.98227310180664,66.32652282714844,0.0,-179.92672729492188,0.0,0.0
60.9777946472168,69.82652282714844,0.0,0.073272705078125,360.0,0.0
83.0335464477539,28.41474723815918,0.0,-359.8407897949219,0.0,0.0
87.9136962890625,28.47646141052246,0.0,-355.9573669433594,0.0,0.0
92.44442749023438,29.303630828857422,0.0,-343.34967041015625,0.0,0.0
96.68535614013672,31.09979820251465,0.0,-330.741943359375,0.0,0.0
100.10743713378906,33.788692474365234,0.0,-310.3695373535156,0.0,0.0
102.14260864257812,37.52104568481445,0.0,-286.8355407714844,0.0,0.0
102.57994842529297,41.95169448852539,0.0,-269.6092529296875,0.0,0.0
-28.72602081298828,28.104219436645508,0.0,0.15919755399227142,0.0,0.0
-28.71629524230957,24.604232788085938,0.0,0.15919755399227142,0.0,0.0
-28.694067001342773,16.604265213012695,0.0,180.15919494628906,360.0,0.0
-28.684343338012695,13.104278564453125,0.0,180.15919494628906,360.0,0.0
-23.72603988647461,28.118112564086914,0.0,0.15919755399227142,0.0,0.0
-23.7163143157959,24.618125915527344,0.0,0.15919755399227142,0.0,0.0
-23.6940860748291,16.6181583404541,0.0,180.15919494628906,360.0,0.0
-23.684362411499023,13.118171691894531,0.0,180.15919494628906,360.0,0.0
-18.726058959960938,28.132003784179688,0.0,0.15919755399227142,0.0,0.0
-18.716333389282227,24.632017135620117,0.0,0.15919755399227142,0.0,0.0
-18.69410514831543,16.632049560546875,0.0,180.15919494628906,360.0,0.0
-18.68438148498535,13.132062911987305,0.0,180.15919494628906,360.0,0.0
-13.726078987121582,28.145896911621094,0.0,0.15919755399227142,0.0,0.0
-13.716354370117188,24.645910263061523,0.0,0.15919755399227142,0.0,0.0
-13.69412612915039,16.64594268798828,0.0,180.15919494628906,360.0,0.0
-13.68440055847168,13.145956039428711,0.0,180.15919494628906,360.0,0.0
-8.726097106933594,28.1597900390625,0.0,0.15919755399227142,0.0,0.0
-8.7163724899292,24.65980339050293,0.0,0.15919755399227142,0.0,0.0
-8.694144248962402,16.659835815429688,0.0,180.15919494628906,360.0,0.0
-8.684418678283691,13.159849166870117,0.0,180.15919494628906,360.0,0.0
-3.7261178493499756,28.173683166503906,0.0,0.15919755399227142,0.0,0.0
-3.716392993927002,24.673696517944336,0.0,0.15919755399227142,0.0,0.0
-3.694164991378784,16.673728942871094,0.0,180.15919494628906,360.0,0.0
-3.6844401359558105,13.173742294311523,0.0,180.15919494628906,360.0,0.0
1.2738630771636963,28.18757438659668,0.0,0.15919755399227142,0.0,0.0
1.2835878133773804,24.68758773803711,0.0,0.15919755399227142,0.0,0.0
1.3058159351348877,16.687620162963867,0.0,180.15919494628906,360.0,0.0
1.3155407905578613,13.187633514404297,0.0,180.15919494628906,360.0,0.0
6.273845672607422,28.201467514038086,0.0,0.15919755399227142,0.0,0.0
6.283570766448975,24.701480865478516,0.0,0.15919755399227142,0.0,0.0
6.3057990074157715,16.701513290405273,0.0,180.15919494628906,360.0,0.0
6.315523624420166,13.201526641845703,0.0,180.15919494628906,360.0,0.0
11.273826599121094,28.215360641479492,0.0,0.15919755399227142,0.0,0.0
11.283551216125488,24.715373992919922,0.0,0.15919755399227142,0.0,0.0
11.305779457092285,16.71540641784668,0.0,180.15919494628906,360.0,0.0
11.315505027770996,13.21541976928711,0.0,180.15919494628906,360.0,0.0
16.2738037109375,28.229251861572266,0.0,0.15919755399227142,0.0,0.0
16.28352928161621,24.729265213012695,0.0,0.15919755399227142,0.0,0.0
16.305757522583008,16.729297637939453,0.0,180.15919494628906,360.0,0.0
16.315481185913086,13.229310989379883,0.0,180.15919494628906,360.0,0.0
21.273784637451172,28.243144989013672,0.0,0.15919755399227142,0.0,0.0
21.283510208129883,24.7431583404541,0.0,0.15919755399227142,0.0,0.0
21.30573844909668,16.74319076538086,0.0,180.15919494628906,360.0,0.0
21.315462112426758,13.243204116821289,0.0,180.15919494628906,360.0,0.0
26.273765563964844,28.257038116455078,0.0,0.15919755399227142,0.0,0.0
26.283491134643555,24.757051467895508,0.0,0.15919755399227142,0.0,0.0
26.30571937561035,16.757083892822266,0.0,180.15919494628906,360.0,0.0
26.31544303894043,13.257097244262695,0.0,180.15919494628906,360.0,0.0
-41.81126403808594,-1.7042442560195923,0.0,-90.1612319946289,0.0,0.0
-45.31125259399414,-1.6943949460983276,0.0,-90.1612319946289,0.0,0.0
-48.81123733520508,-1.684545636177063,0.0,89.8387680053711,360.0,0.0
-52.31122589111328,-1.6746963262557983,0.0,89.8387680053711,360.0,0.0
-88.685791015625,27.937620162963867,0.0,0.159210205078125,360.0,0.0
-93.6860580444336,27.923725128173828,0.0,0.159210205078125,360.0,0.0
-99.07166290283203,27.43034553527832,0.0,14.101089477539062,360.0,0.0
-104.16622161865234,25.163524627685547,0.0,33.8721923828125,360.0,0.0
-108.18182373046875,21.178382873535156,0.0,56.65425109863281,360.0,0.0
-110.23511505126953,15.856139183044434,0.0,81.153076171875,360.0,0.0
-110.35987854003906,10.57474422454834,0.0,90.6422348022461,360.0,0.0
-110.30384063720703,5.575057506561279,0.0,90.6422348022461,360.0,0.0
-110.24779510498047,0.5753723978996277,0.0,90.6422348022461,360.0,0.0
-27.800329208374023,-61.2840461730957,0.0,0.59674072265625,360.0,0.0
-32.225868225097656,-60.77986526489258,0.0,-16.569992065429688,360.0,0.0
-36.11695098876953,-58.820472717285156,0.0,-36.88600158691406,360.0,0.0
-39.12918472290039,-55.61552810668945,0.0,-55.91938781738281,360.0,0.0
-41.023193359375,-51.597415924072266,0.0,-73.60523986816406,360.0,0.0
-41.61392593383789,-47.14115905761719,0.0,-89.56765747070312,360.0,0.0
83.04327392578125,24.91476058959961,0.0,-359.8407897949219,0.0,0.0
88.04325103759766,24.928653717041016,0.0,-359.8407897949219,0.0,0.0
93.26031494140625,24.802600860595703,0.0,-367.13067626953125,0.0,0.0
98.5739517211914,23.24974822998047,0.0,-385.45013427734375,0.0,0.0
103.13019561767578,20.10544204711914,0.0,-403.7696228027344,0.0,0.0
106.48664093017578,15.810121536254883,0.0,-59.06385803222656,0.0,0.0
108.71060943603516,10.901317596435547,0.0,-72.18962097167969,0.0,0.0
109.7617416381836,5.615720272064209,0.0,-85.31539154052734,0.0,0.0
109.86289978027344,0.4867967665195465,0.0,-449.6092224121094,0.0,0.0
83.07522583007812,13.41480541229248,0.0,-179.84078979492188,360.0,0.0
87.72589111328125,13.131070137023926,0.0,-190.69558715820312,360.0,0.0
92.00128173828125,11.699708938598633,0.0,-206.32449340820312,360.0,0.0
95.69530487060547,9.186698913574219,0.0,136.74612426757812,360.0,0.0
98.23870086669922,5.6927995681762695,0.0,115.35974884033203,360.0,0.0
99.33290100097656,1.5120158195495605,0.0,93.9733657836914,360.0,0.0
99.3890151977539,-3.3778162002563477,0.0,90.3907470703125,360.0,0.0
-28.517200469970703,130.03573608398438,0.0,-539.6478881835938,0.0,0.0
-32.87532043457031,129.33261108398438,0.0,-161.16114807128906,0.0,0.0
-36.734256744384766,127.23908996582031,0.0,-141.87808227539062,0.0,0.0
-39.65004348754883,123.99515533447266,0.0,-121.72903442382812,0.0,0.0
-41.24235153198242,119.94696807861328,0.0,-101.21430969238281,0.0,0.0
-41.48201370239258,115.29967498779297,0.0,-450.1612243652344,0.0,0.0
109.30042266845703,82.96246337890625,0.0,-449.6092224121094,0.0,0.0
105.80050659179688,82.93859100341797,0.0,-449.6092224121094,0.0,0.0
109.33451843261719,77.96257781982422,0.0,-449.6092224121094,0.0,0.0
105.83460235595703,77.93870544433594,0.0,-449.6092224121094,0.0,0.0
109.36862182617188,72.96269226074219,0.0,-449.6092224121094,0.0,0.0
105.86870574951172,72.9388198852539,0.0,-449.6092224121094,0.0,0.0
109.40271759033203,67.96281433105469,0.0,-449.6092224121094,0.0,0.0
105.90280151367188,67.9389419555664,0.0,-449.6092224121094,0.0,0.0
109.43682098388672,62.962928771972656,0.0,-449.6092224121094,0.0,0.0
105.93690490722656,62.93906021118164,0.0,-449.6092224121094,0.0,0.0
109.47091674804688,57.963043212890625,0.0,-449.6092224121094,0.0,0.0
105.97100067138672,57.93917465209961,0.0,-449.6092224121094,0.0,0.0
-41.57395935058594,82.62542724609375,0.0,-90.1612319946289,0.0,0.0
-45.07394790649414,82.6352767944336,0.0,-90.1612319946289,0.0,0.0
-41.58802795410156,77.62545013427734,0.0,-90.1612319946289,0.0,0.0
-45.088016510009766,77.63529968261719,0.0,-90.1612319946289,0.0,0.0
-41.60210037231445,72.6254653930664,0.0,-90.1612319946289,0.0,0.0
-45.102088928222656,72.63531494140625,0.0,-90.1612319946289,0.0,0.0
-41.61616897583008,67.62548828125,0.0,-90.1612319946289,0.0,0.0
-45.11615753173828,67.63533782958984,0.0,-90.1612319946289,0.0,0.0
-41.63024139404297,62.62550354003906,0.0,-90.1612319946289,0.0,0.0
-45.13022994995117,62.635353088378906,0.0,-90.1612319946289,0.0,0.0
-41.644309997558594,57.62552261352539,0.0,-90.1612319946289,0.0,0.0
-45.1442985534668,57.635372161865234,0.0,-90.1612319946289,0.0,0.0
-41.658382415771484,52.62554168701172,0.0,-90.1612319946289,0.0,0.0
-45.15837097167969,52.63539123535156,0.0,-90.1612319946289,0.0,0.0
-110.73300170898438,43.86024856567383,0.0,90.6422348022461,360.0,0.0
-114.23278045654297,43.82101821899414,0.0,90.6422348022461,360.0,0.0
-110.67695617675781,38.86056137084961,0.0,90.6422348022461,360.0,0.0
-114.1767349243164,38.82133102416992,0.0,90.6422348022461,360.0,0.0
-110.62091064453125,33.860877990722656,0.0,90.6422348022461,360.0,0.0
-114.12068939208984,33.82164764404297,0.0,90.6422348022461,360.0,0.0
-110.56486511230469,28.861190795898438,0.0,90.6422348022461,360.0,0.0
-114.06464385986328,28.82196044921875,0.0,90.6422348022461,360.0,0.0
-110.50882720947266,23.86150550842285,0.0,90.6422348022461,360.0,0.0
-114.00860595703125,23.82227325439453,0.0,90.6422348022461,360.0,0.0
-110.4527816772461,18.861818313598633,0.0,90.6422348022461,360.0,0.0
-113.95256042480469,18.822586059570312,0.0,90.6422348022461,360.0,0.0
-110.39673614501953,13.862133026123047,0.0,90.6422348022461,360.0,0.0
-113.89651489257812,13.822901725769043,0.0,90.6422348022461,360.0,0.0
-110.34069061279297,8.862445831298828,0.0,90.6422348022461,360.0,0.0
-113.84046936035156,8.823214530944824,0.0,90.6422348022461,360.0,0.0
-110.2846450805664,3.862762212753296,0.0,90.6422348022461,360.0,0.0
-113.784423828125,3.823531150817871,0.0,90.6422348022461,360.0,0.0
-110.22859954833984,-1.1369251012802124,0.0,90.6422348022461,360.0,0.0
-113.72837829589844,-1.1761560440063477,0.0,90.6422348022461,360.0,0.0
-106.7159194946289,-2.2476232051849365,0.0,-89.35775756835938,360.0,0.0
-106.74520874023438,2.624480962753296,0.0,-93.5250244140625,360.0,0.0
-105.57762908935547,6.652252674102783,0.0,-118.80697631835938,360.0,0.0
-102.80171966552734,9.795588493347168,0.0,-144.08892822265625,360.0,0.0
-98.82495880126953,11.913121223449707,0.0,-159.81967163085938,360.0,0.0
-94.42279815673828,12.874979972839355,0.0,-175.52978515625,360.0,0.0
-89.55579376220703,12.935144424438477,0.0,-179.84078979492188,360.0,0.0
-48.686744689941406,42.55527877807617,0.0,-270.1612243652344,360.0,0.0
-48.7008171081543,37.55513381958008,0.0,89.8387680053711,360.0,0.0
-48.41246032714844,32.279457092285156,0.0,99.3893051147461,360.0,0.0
-46.87226867675781,27.082059860229492,0.0,113.62397003173828,360.0,0.0
-44.09283447265625,22.413785934448242,0.0,128.2669677734375,360.0,0.0
-39.86531066894531,18.719280242919922,0.0,149.43148803710938,360.0,0.0
-34.589054107666016,16.80031394958496,0.0,170.59600830078125,360.0,0.0
-29.3082218170166,16.60256004333496,0.0,-179.84078979492188,360.0,0.0
-107.23321533203125,43.899478912353516,0.0,-89.3577651977539,0.0,0.0
-107.17716979980469,38.8997917175293,0.0,-89.3577651977539,0.0,0.0
-107.12112426757812,33.900108337402344,0.0,-89.3577651977539,0.0,0.0
-107.06507873535156,28.900421142578125,0.0,-89.3577651977539,0.0,0.0
-107.00904083251953,23.90073585510254,0.0,-89.3577651977539,0.0,0.0
-106.95299530029297,18.90104866027832,0.0,-89.3577651977539,0.0,0.0
-106.8969497680664,13.901363372802734,0.0,-89.3577651977539,0.0,0.0
-106.84090423583984,8.901676177978516,0.0,-89.3577651977539,0.0,0.0
-106.78485870361328,3.9019930362701416,0.0,-89.3577651977539,0.0,0.0
-106.72881317138672,-1.0976940393447876,0.0,-89.3577651977539,0.0,0.0
-70.48992156982422,128.90286254882812,0.0,-167.1271209716797,0.0,0.0
-71.26968383789062,132.3148956298828,0.0,-167.1271209716797,0.0,0.0
-72.0494384765625,135.72694396972656,0.0,12.872879028320312,360.0,0.0
-72.8292007446289,139.13897705078125,0.0,12.872879028320312,360.0,0.0
-74.68756103515625,127.67695617675781,0.0,-160.31234741210938,0.0,0.0
-75.86668395996094,130.97235107421875,0.0,-160.31234741210938,0.0,0.0
-77.04580688476562,134.26776123046875,0.0,19.687652587890625,360.0,0.0
-78.22492980957031,137.5631561279297,0.0,19.687652587890625,360.0,0.0
-78.71007537841797,125.96162414550781,0.0,-153.49755859375,0.0,0.0
-80.27189636230469,129.0938262939453,0.0,-153.49755859375,0.0,0.0
-81.83372497558594,132.2260284423828,0.0,26.50244140625,360.0,0.0
-83.39554595947266,135.3582305908203,0.0,26.50244140625,360.0,0.0
-82.50061798095703,123.78108978271484,0.0,-146.6827850341797,0.0,0.0
-84.42308044433594,126.70584106445312,0.0,-146.6827850341797,0.0,0.0
-86.34553527832031,129.63058471679688,0.0,33.31721496582031,360.0,0.0
-88.26799774169922,132.55532836914062,0.0,33.31721496582031,360.0,0.0
-86.00565338134766,121.16619110107422,0.0,-139.86801147460938,0.0,0.0
-88.26158142089844,123.84215545654297,0.0,-139.86801147460938,0.0,0.0
-90.51750183105469,126.51811981201172,0.0,40.131988525390625,360.0,0.0
-92.77342987060547,129.194091796875,0.0,40.131988525390625,360.0,0.0
-89.1756362915039,118.15383911132812,0.0,-133.05322265625,0.0,0.0
-91.733154296875,120.543212890625,0.0,-133.05322265625,0.0,0.0
-94.29067993164062,122.93258666992188,0.0,46.94677734375,360.0,0.0
-96.84819793701172,125.32196044921875,0.0,46.94677734375,360.0,0.0
-91.96578216552734,114.78662872314453,0.0,-126.23844909667969,0.0,0.0
-94.78875732421875,116.85564422607422,0.0,-126.23844909667969,0.0,0.0
-97.61172485351562,118.9246597290039,0.0,53.76155090332031,360.0,0.0
-100.43470001220703,120.9936752319336,0.0,53.76155090332031,360.0,0.0
-94.46682739257812,110.99400329589844,0.0,238.73414611816406,0.0,0.0
-97.4585189819336,112.81053924560547,0.0,238.73414611816406,0.0,0.0
-100.45020294189453,114.62706756591797,0.0,418.734130859375,360.0,0.0
-103.44189453125,116.443603515625,0.0,418.734130859375,360.0,0.0
-96.7311782836914,106.9530029296875,0.0,242.73822021484375,0.0,0.0
-99.8424072265625,108.55620574951172,0.0,242.73822021484375,0.0,0.0
-102.95364379882812,110.1594009399414,0.0,422.73822021484375,360.0,0.0
-106.06487274169922,111.76260375976562,0.0,422.73822021484375,360.0,0.0
-98.70782470703125,102.76375579833984,0.0,246.74229431152344,0.0,0.0
-101.92341613769531,104.14579010009766,0.0,246.74229431152344,0.0,0.0
-105.13899230957031,105.52782440185547,0.0,426.7423095703125,360.0,0.0
-108.35458374023438,106.90985870361328,0.0,426.7423095703125,360.0,0.0
-100.38712310791016,98.44670867919922,0.0,250.74636840820312,0.0,0.0
-103.69136047363281,99.600830078125,0.0,250.74636840820312,0.0,0.0
-106.99560546875,100.75495910644531,0.0,430.7463684082031,360.0,0.0
-110.29984283447266,101.9090805053711,0.0,430.7463684082031,360.0,0.0
-101.76087188720703,94.02293395996094,0.0,254.7504425048828,0.0,0.0
-105.13763427734375,94.94351959228516,0.0,254.7504425048828,0.0,0.0
-108.514404296875,95.86409759521484,0.0,434.75042724609375,360.0,0.0
-111.89116668701172,96.78468322753906,0.0,434.75042724609375,360.0,0.0
-102.82238006591797,89.51403045654297,0.0,258.7545166015625,0.0,0.0
-106.25518035888672,90.19657897949219,0.0,258.7545166015625,0.0,0.0
-109.68798065185547,90.87911987304688,0.0,438.7545166015625,360.0,0.0
-113.12078094482422,91.5616683959961,0.0,438.7545166015625,360.0,0.0
-103.56644439697266,84.9420166015625,0.0,262.75860595703125,0.0,0.0
-107.03852844238281,85.38319396972656,0.0,262.75860595703125,0.0,0.0
-110.51060485839844,85.82437133789062,0.0,442.75860595703125,360.0,0.0
-113.9826889038086,86.26554870605469,0.0,442.75860595703125,360.0,0.0
-103.98943328857422,80.32920837402344,0.0,266.76263427734375,0.0,0.0
-107.48384857177734,80.52686309814453,0.0,266.76263427734375,0.0,0.0
-110.97826385498047,80.7245101928711,0.0,446.76263427734375,360.0,0.0
-114.4726791381836,80.92216491699219,0.0,446.76263427734375,360.0,0.0
-104.08931732177734,75.68671417236328,0.0,-89.3577651977539,0.0,0.0
-107.58909606933594,75.6474838256836,0.0,-89.3577651977539,0.0,0.0
-111.08888244628906,75.6082534790039,0.0,90.6422348022461,360.0,0.0
-114.58866119384766,75.56902313232422,0.0,90.6422348022461,360.0,0.0
-104.03327178955078,70.68702697753906,0.0,-89.3577651977539,0.0,0.0
-107.53305053710938,70.64779663085938,0.0,-89.3577651977539,0.0,0.0
-111.0328369140625,70.60856628417969,0.0,90.6422348022461,360.0,0.0
-114.5326156616211,70.5693359375,0.0,90.6422348022461,360.0,0.0
-103.97722625732422,65.68733978271484,0.0,-89.3577651977539,0.0,0.0
-107.47700500488281,65.64810943603516,0.0,-89.3577651977539,0.0,0.0
-110.97679138183594,65.60887908935547,0.0,90.6422348022461,360.0,0.0
-114.47657012939453,65.56964874267578,0.0,90.6422348022461,360.0,0.0
-103.92118072509766,60.687652587890625,0.0,-89.3577651977539,0.0,0.0
-107.42095947265625,60.64842224121094,0.0,-89.3577651977539,0.0,0.0
-110.92074584960938,60.60919189453125,0.0,90.6422348022461,360.0,0.0
-114.42052459716797,60.56996154785156,0.0,90.6422348022461,360.0,0.0
-103.8651351928711,55.68796920776367,0.0,-89.3577651977539,0.0,0.0
-107.36491394042969,55.648738861083984,0.0,-89.3577651977539,0.0,0.0
-110.86470031738281,55.6095085144043,0.0,90.6422348022461,360.0,0.0
-114.3644790649414,55.57027816772461,0.0,90.6422348022461,360.0,0.0
-103.80908966064453,50.68828201293945,0.0,-89.3577651977539,0.0,0.0
-107.30886840820312,50.649051666259766,0.0,-89.3577651977539,0.0,0.0
-110.80865478515625,50.60982131958008,0.0,90.6422348022461,360.0,0.0
-114.30843353271484,50.57059097290039,0.0,90.6422348022461,360.0,0.0
-103.75304412841797,45.6885986328125,0.0,-89.3577651977539,0.0,0.0
-107.25282287597656,45.64936828613281,0.0,-89.3577651977539,0.0,0.0
-110.75260925292969,45.610137939453125,0.0,90.6422348022461,360.0,0.0
-114.25238800048828,45.57090759277344,0.0,90.6422348022461,360.0,0.0
-88.67606353759766,24.437633514404297,0.0,0.159210205078125,360.0,0.0
-93.67618560791016,24.42374038696289,0.0,0.159210205078125,360.0,0.0
-99.12898254394531,23.7534236907959,0.0,17.17376708984375,360.0,0.0
-104.09796905517578,21.110244750976562,0.0,38.84637451171875,360.0,0.0
-107.74635314941406,16.8935546875,0.0,58.60944366455078,360.0,0.0
-109.85029602050781,11.78145694732666,0.0,76.65021514892578,360.0,0.0
-110.31298065185547,6.391233921051025,0.0,90.6422348022461,360.0,0.0
-110.25694274902344,1.3915482759475708,0.0,90.6422348022461,360.0,0.0
